,data_id,iso,event_id_cnty,event_id_no_cnty,event_date,year,time_precision,event_type,sub_event_type,actor1,assoc_actor_1,inter1,actor2,assoc_actor_2,inter2,interaction,region,country,admin1,admin2,admin3,location,latitude,longitude,geo_precision,source,source_scale,notes,fatalities,timestamp,iso3
8221,7522978,710,SAF9343,9343,2017-10-25,2017,1,Protests,Peaceful protest,Protesters (South Africa),#FeesMustFall; Students (South Africa),6,,,0,60,Southern Africa,South Africa,Western Cape,City of Cape Town,City of Cape Town,Cape Town - Rondebosch,-33.9633,18.4764,1,GroundUp,National,A few hundred Fees Must Fall protesters attempted to shut down the University of Cape Town (UCT).,0,1611019297,ZAF
8312,7521459,710,SAF9250,9250,2017-09-19,2017,1,Protests,Peaceful protest,Protesters (South Africa),#FeesMustFall; Students (South Africa),6,,,0,60,Southern Africa,South Africa,Western Cape,City of Cape Town,City of Cape Town,Cape Town - Rondebosch,-33.9633,18.4764,1,Cape Argus,Subnational,A group of #FeesMustFall students has stormed into the University of Cape Town library and disrupted classes and study sessions.,0,1611019292,ZAF
8617,7522998,710,SAF8949,8949,2017-06-19,2017,1,Protests,Peaceful protest,Protesters (South Africa),#FeesMustFall; Students (South Africa),6,,,0,60,Southern Africa,South Africa,Western Cape,City of Cape Town,City of Cape Town,Cape Town - Bellville,-33.9,18.6333,1,GroundUp,National,A team made up of UWC students acting under the name of the #FeesMustFall (FMF) movement disrupted exams in both the morning and afternoon sessions in protest.,0,1611019297,ZAF
9021,8009234,710,SAF8556,8556,2017-02-24,2017,1,Protests,Peaceful protest,Protesters (South Africa),#FeesMustFall; Students (South Africa),6,,,0,60,Southern Africa,South Africa,KwaZulu-Natal,eThekwini,eThekwini,Durban,-29.8579,31.0292,1,IOL,National,Students marched to protest for the #feesmustfall leader who has been in prison for 150 days.,0,1622068027,ZAF
9131,8009248,710,SAF8449,8449,2017-01-19,2017,1,Protests,Peaceful protest,Protesters (South Africa),#FeesMustFall; Students (South Africa),6,,,0,60,Southern Africa,South Africa,KwaZulu-Natal,eThekwini,eThekwini,Durban,-29.8579,31.0292,1,News24 (South Africa),National,There was a small contingent of supporters for Fees Must Fall student Bonginkosi Khanyile ahead of his pre-trial conference at Durban Magistrate's Court.,0,1622068027,ZAF
9212,7521426,710,SAF8371,8371,2016-11-24,2016,1,Protests,Peaceful protest,Protesters (South Africa),#FeesMustFall; Students (South Africa),6,,,0,60,Southern Africa,South Africa,Western Cape,City of Cape Town,City of Cape Town,Cape Town - Wynberg,-33.9833,18.4,1,Cape Argus,Subnational,The hostel superintendent at the centre of allegations of racial abuse at Wynberg Girls' High School has been put on special leave as pupils staged a protest at the school's Waterloo boarding house. The protest was attended by members of #FeesMustFall,0,1611019292,ZAF
9221,5741412,710,SAF8360,8360,2016-11-21,2016,1,Protests,Protest with intervention,Protesters (South Africa),#FeesMustFall; Students (South Africa),6,Police Forces of South Africa (1994-),,1,16,Southern Africa,South Africa,Gauteng,City of Tshwane,City of Tshwane,Soshanguve,-25.4729,28.0992,1,African News Agency,National,16 people at its Soshanguve campus of UT were arrested for allegedly contravening the institution's court order in what appears to be protest action.,0,1567462123,ZAF
9226,5300415,710,SAF8356,8356,2016-11-20,2016,1,Riots,Violent demonstration,Rioters (South Africa),#FeesMustFall; Students (South Africa),5,,,0,50,Southern Africa,South Africa,Gauteng,City of Tshwane,City of Tshwane,Soshanguve,-25.4729,28.0992,1,Times (South Africa),National,#FeesMustFall students burned a university bus outside the Soshanguve campus.,0,1561469250,ZAF
9242,6064799,710,SAF8339,8339,2016-11-14,2016,1,Riots,Violent demonstration,Rioters (South Africa),#FeesMustFall; Students (South Africa),5,,,0,50,Southern Africa,South Africa,Western Cape,City of Cape Town,City of Cape Town,Cape Town,-33.9253,18.4239,1,Cape Times,Subnational,Police confirmed a petrol bomb was thrown at a mail room adjacent to Keizersgracht Street at the Cape Town campus in ongoing student protests.,0,1571164555,ZAF
9261,7518833,710,SAF8320,8320,2016-11-07,2016,1,Riots,Violent demonstration,Rioters (South Africa),#FeesMustFall; Students (South Africa),5,Police Forces of South Africa (1994-),Private Security Forces (South Africa),1,15,Southern Africa,South Africa,Western Cape,City of Cape Town,City of Cape Town,Cape Town - Bellville,-33.9,18.6333,1,GroundUp; Daily Vox (South Africa),National,Exams began at the UWC campus but protesting students unhappy with management's decision to go ahead without first meeting their demands led to unrest at the University in Bellville. Protesters clashed with police after they tried to stop students from boarding buses to take them to off-campus exam centres.,0,1611019285,ZAF
9273,5300378,710,SAF8312,8312,2016-11-02,2016,1,Protests,Peaceful protest,Protesters (South Africa),#FeesMustFall; Students (South Africa),6,,,0,60,Southern Africa,South Africa,Western Cape,Cape Winelands,Stellenbosch,Stellenbosch,-33.9346,18.8668,1,News24 (South Africa),National,About 100 #feesmustfall protesters attempted to disrupt exams at the University of Stellenbosch. No violence was reported.,0,1561469250,ZAF
9280,6120204,710,SAF8302,8302,2016-10-31,2016,1,Riots,Violent demonstration,Rioters (South Africa),#FeesMustFall; Students (South Africa),5,Police Forces of South Africa (1994-),Private Security Forces (South Africa),1,15,Southern Africa,South Africa,Gauteng,City of Tshwane,City of Tshwane,Pretoria,-25.7449,28.1878,1,Pretoria News,Subnational,Clashes between students and police and private security erupted at the University of Pretoria. Police reportedly threw stun grenades at protesters.,0,1571164634,ZAF
9287,6064123,710,SAF8292,8292,2016-10-26,2016,1,Riots,Violent demonstration,Rioters (South Africa),#FeesMustFall; Students (South Africa),5,Police Forces of South Africa (1994-),,1,15,Southern Africa,South Africa,Western Cape,City of Cape Town,City of Cape Town,Cape Town,-33.9253,18.4239,1,Cape Argus,Subnational,"Dozens of police launched stun grenades at a group of students who had gathered outside Parliament, while some protesters climbed on police vehicles, smashed vehicle and business windows and stoned buses in different parts of the city.",0,1571164553,ZAF
9291,8566353,710,SAF8293,8293,2016-10-26,2016,1,Riots,Violent demonstration,Rioters (South Africa),#FeesMustFall; Students (South Africa),5,Police Forces of South Africa (1994-),,1,15,Southern Africa,South Africa,Eastern Cape,Sarah Baartman,Makana,Makhanda,-33.3042,26.5328,1,Daily Dispatch (South Africa),National,Arsonists set fire to two Rhodes University exam venues and burnt to the ground the tennis clubhouse in which protesting students and police clashed repeatedly. Six students had been arrested and the sound of gunfire and stun grenades was coming from all corners of the campus.,0,1632782396,ZAF
9293,7520113,710,SAF8287,8287,2016-10-25,2016,1,Riots,Violent demonstration,Rioters (South Africa),#FeesMustFall; Students (South Africa),5,Police Forces of South Africa (1994-),,1,15,Southern Africa,South Africa,Gauteng,City of Johannesburg,City of Johannesburg,Johannesburg - Braamfontein,-26.1982,28.0219,1,African News Agency,National,A police van and a bus was set alight by protesters who blocked roads using rocks and concrete rubbish bins in Braamfontein.,0,1611019289,ZAF
9297,6120501,710,SAF8286,8286,2016-10-24,2016,1,Riots,Violent demonstration,Rioters (South Africa),#FeesMustFall; Students (South Africa),5,,,0,50,Southern Africa,South Africa,Gauteng,City of Tshwane,City of Tshwane,Tshwane University of Technology,-25.7322,28.1619,1,Pretoria News,Subnational,"The north campus of Tuts was closed after a group of students drove security personnel and staff off campus. Students blocked the entrance with rocks, burning tyres and dustbins.",0,1571164634,ZAF
9298,6120525,710,SAF8285,8285,2016-10-24,2016,1,Riots,Violent demonstration,Rioters (South Africa),#FeesMustFall; Students (South Africa),5,,,0,50,Southern Africa,South Africa,Gauteng,City of Tshwane,City of Tshwane,Soshanguve,-25.4729,28.0992,1,Pretoria News,Subnational,"Tshwane University of Technology was yet again hit by #FeesMustFall protests, with students barricading the main gates at both the Soshanguve South and North campuses.",0,1571164634,ZAF
9306,7524827,710,SAF8276,8276,2016-10-21,2016,1,Protests,Protest with intervention,Protesters (South Africa),#FeesMustFall; Students (South Africa),6,Police Forces of South Africa (1994-),,1,16,Southern Africa,South Africa,Gauteng,City of Johannesburg,City of Johannesburg,Johannesburg - Braamfontein,-26.1982,28.0219,1,News24 (South Africa),National,Several lectures and two tests were disrupted at Wits University when fireworks and stink bombs were set off in lecture rooms. Four students were arrested on Friday for allegedly contravening a court order,0,1611019302,ZAF
9309,5300348,710,SAF8275,8275,2016-10-20,2016,1,Riots,Violent demonstration,Rioters (South Africa),#FeesMustFall; Students (South Africa),5,Private Security Forces (South Africa),Police Forces of South Africa (1994-),8,58,Southern Africa,South Africa,Gauteng,City of Tshwane,City of Tshwane,Soshanguve,-25.4729,28.0992,1,IOL,National,"A group of protesters at the TUTs Soshuguve campus demanded to be transported to the #FeesMustFall march to the Union Buildings. When this was denied, clashes with security guards ensued and the SAPS had no option but to intervene to disperse the protesters.",0,1561469250,ZAF
9311,7735721,710,SAF8274,8274,2016-10-20,2016,1,Riots,Violent demonstration,Rioters (South Africa),#FeesMustFall; Students (South Africa),5,Police Forces of South Africa (1994-),,1,15,Southern Africa,South Africa,Eastern Cape,Nelson Mandela Bay,Nelson Mandela Bay,Gqeberha,-33.918,25.5701,1,News24 (South Africa),National,Running battles between protesters and police entered a third day at Nelson Mandela Metropolitan University (NMMU).,0,1615249507,ZAF
9312,8009278,710,SAF8273,8273,2016-10-20,2016,1,Riots,Mob violence,Rioters (South Africa),#FeesMustFall; Students (South Africa),5,Private Security Forces (South Africa),,8,58,Southern Africa,South Africa,KwaZulu-Natal,Umgungundlovu,The Msunduzi,Pietermaritzburg,-29.6167,30.3833,1,African News Agency,National,"Students clashed with security and police at the UKZN Pietermaritzburg campus. Sudents began hurling stones and petrol bombs directly at security and police while the police responded with tear gas, rubber bullets and stun grenades.",0,1622068027,ZAF
9314,5300344,710,SAF8269,8269,2016-10-19,2016,1,Riots,Violent demonstration,Rioters (South Africa),#FeesMustFall; Students (South Africa),5,Police Forces of South Africa (1994-),,1,15,Southern Africa,South Africa,Gauteng,City of Tshwane,City of Tshwane,Pretoria,-25.7449,28.1878,1,News24 (South Africa),National,"Calm has been restored at the Union Buildings in Pretoria after a tense stand-off between police and Fees Must Fall protesters. Earlier police and students clashed violently. During the protest, one student was killed in a car accident.",1,1561469250,ZAF
9316,7521976,710,SAF8266,8266,2016-10-19,2016,1,Riots,Violent demonstration,Rioters (South Africa),#FeesMustFall; Students (South Africa),5,Police Forces of South Africa (1994-),,1,15,Southern Africa,South Africa,Western Cape,City of Cape Town,City of Cape Town,Cape Town - Bellville,-33.9,18.6333,1,Cape Times,Subnational,"At UWC, windows were broken and furniture from one of the residences set alight as police opened fire on students.",0,1611019294,ZAF
9317,7735710,710,SAF8268,8268,2016-10-19,2016,1,Riots,Violent demonstration,Rioters (South Africa),#FeesMustFall; Students (South Africa),5,Police Forces of South Africa (1994-),,1,15,Southern Africa,South Africa,Eastern Cape,Nelson Mandela Bay,Nelson Mandela Bay,Gqeberha,-33.918,25.5701,1,News24 (South Africa),National,Running battles between protesters and police entered a second day at Nelson Mandela Metropolitan University (NMMU).,0,1615249507,ZAF
9318,4785183,710,SAF8262,8262,2016-10-18,2016,1,Riots,Violent demonstration,Rioters (South Africa),#FeesMustFall; Students (South Africa),5,Police Forces of South Africa (1994-),,1,15,Southern Africa,South Africa,Eastern Cape,Buffalo City,Buffalo City,East London,-33.0153,27.9116,1,GroundUp,National,Walter Sisulu University students were in the street again in which they blocked the road and set tyres alight. Stones and bottles were also thrown at the police.,0,1552577170,ZAF
9319,7522916,710,SAF8264,8264,2016-10-18,2016,1,Riots,Violent demonstration,Rioters (South Africa),#FeesMustFall; Students (South Africa),5,Private Security Forces (South Africa),,8,58,Southern Africa,South Africa,Western Cape,City of Cape Town,City of Cape Town,Cape Town - Rondebosch,-33.9633,18.4764,1,GroundUp,National,"Violent clashes erupted between student protesters and private security at the University of Cape Town (UCT), leaving a number of protesters injured and four arrested.",0,1611019297,ZAF
9321,7735727,710,SAF8263,8263,2016-10-18,2016,1,Riots,Violent demonstration,Rioters (South Africa),#FeesMustFall; Students (South Africa),5,Police Forces of South Africa (1994-),,1,15,Southern Africa,South Africa,Eastern Cape,Nelson Mandela Bay,Nelson Mandela Bay,Gqeberha,-33.918,25.5701,1,News24 (South Africa),National,Running battles between protesters and police began at Nelson Mandela Metropolitan University (NMMU).,0,1615249507,ZAF
9322,8009280,710,SAF8265,8265,2016-10-18,2016,1,Riots,Violent demonstration,Rioters (South Africa),#FeesMustFall; Students (South Africa),5,Police Forces of South Africa (1994-),,1,15,Southern Africa,South Africa,KwaZulu-Natal,eThekwini,eThekwini,Westville,-29.8333,30.9333,1,African News Agency,National,"There were two days of running battles where police used rubber bullets, teargas and stun grenades as they clashed with students at Westville campus of UKZN.",0,1622068027,ZAF
9323,4785437,710,SAF8258,8258,2016-10-17,2016,1,Protests,Peaceful protest,Protesters (South Africa),#FeesMustFall; Students (South Africa),6,,,0,60,Southern Africa,South Africa,Eastern Cape,Buffalo City,Buffalo City,East London,-33.0153,27.9116,1,GroundUp,National,Hundreds of Walter Sisulu University students from the Buffalo City campus blocked Oxford Street today after a mass meeting.,0,1552577170,ZAF
9324,7522930,710,SAF8259,8259,2016-10-17,2016,1,Protests,Protest with intervention,Protesters (South Africa),#FeesMustFall; Students (South Africa),6,Police Forces of South Africa (1994-),,1,16,Southern Africa,South Africa,Western Cape,City of Cape Town,City of Cape Town,Cape Town - Rondebosch,-33.9633,18.4764,1,GroundUp,National,About 30 student protesters blocked Baxter Road outside the University of Cape Towns Tugwell and Leo Marquard residences. police then arrived and with private security blocked the entrance to the RW James building. Stun grenades and pepper spray were used to disperse the students by police.,0,1611019297,ZAF
9325,8009281,710,SAF8260,8260,2016-10-17,2016,1,Riots,Violent demonstration,Rioters (South Africa),#FeesMustFall; Students (South Africa),5,Police Forces of South Africa (1994-),,1,15,Southern Africa,South Africa,KwaZulu-Natal,eThekwini,eThekwini,Westville,-29.8333,30.9333,1,African News Agency,National,"There were two days of running battles where police used rubber bullets, teargas and stun grenades as they clashed with students at Westville campus of UKZN.",0,1622068027,ZAF
9327,5300340,710,SAF8256,8256,2016-10-14,2016,1,Protests,Protest with intervention,Protesters (South Africa),#FeesMustFall; Students (South Africa),6,Police Forces of South Africa (1994-),,1,16,Southern Africa,South Africa,Gauteng,Sedibeng,Emfuleni,Vaal University of Technology,-26.7113,27.8627,1,News24 (South Africa),National,"Separately, police fired rubber bullets to disperse protesters at the Vanderbijlpark campus of the Vaal University of Technology",0,1561469250,ZAF
9329,7521027,710,SAF8254,8254,2016-10-14,2016,1,Riots,Violent demonstration,Rioters (South Africa),#FeesMustFall; Students (South Africa),5,Civilians (South Africa),,7,57,Southern Africa,South Africa,Western Cape,City of Cape Town,City of Cape Town,Cape Town - Rondebosch,-33.9633,18.4764,1,AP,International,UCT says its vice-chancellor was assaulted by protesters after he met with them to discuss their demands for free university education.,0,1611019291,ZAF
9330,7524850,710,SAF8250,8250,2016-10-14,2016,1,Riots,Violent demonstration,Rioters (South Africa),#FeesMustFall; Students (South Africa),5,,,0,50,Southern Africa,South Africa,Gauteng,City of Johannesburg,City of Johannesburg,Johannesburg - Braamfontein,-26.1982,28.0219,1,News24 (South Africa),National,Police warned people to avoid Braamfontein near Wits after cars were set alight or stoned by protesting students. Businesses were also damaged.,0,1611019302,ZAF
9333,8009283,710,SAF8251,8251,2016-10-14,2016,1,Riots,Violent demonstration,Rioters (South Africa),#FeesMustFall; Students (South Africa),5,,,0,50,Southern Africa,South Africa,KwaZulu-Natal,eThekwini,eThekwini,Durban,-29.8579,31.0292,1,News24 (South Africa),National,Part of an HIV/Aids clinic was torched at the University of KwaZulu-Natals Howard College campus as protesters change tactics to night battles.,0,1622068027,ZAF
9335,4786217,710,SAF8246,8246,2016-10-13,2016,1,Riots,Violent demonstration,Rioters (South Africa),#FeesMustFall; Students (South Africa),5,Private Security Forces (South Africa),Police Forces of South Africa (1994-),8,58,Southern Africa,South Africa,Gauteng,City of Tshwane,City of Tshwane,Tshwane University of Technology,-25.7322,28.1619,1,SABC News,National,A private security guard at Tshwane University of Technology has allegedly shot at a student with live ammunition during protest action. The protest descended into violence as police dispersed students with rubber bullets. The students retaliated by throwing stones and burning tires. A building was also burned.,0,1552577171,ZAF
9336,5300332,710,SAF8247,8247,2016-10-13,2016,1,Riots,Violent demonstration,Rioters (South Africa),#FeesMustFall; Students (South Africa),5,Police Forces of South Africa (1994-),,1,15,Southern Africa,South Africa,Gauteng,Sedibeng,Emfuleni,Vaal University of Technology,-26.7113,27.8627,1,News24 (South Africa),National,Clashes between students and police at the Vaal University of Technology took place. Students are throwing stones and petrol bombs at the police and they are retaliating with rubber bullets.,0,1561469250,ZAF
9337,6232828,710,SAF8245,8245,2016-10-13,2016,1,Riots,Violent demonstration,Rioters (South Africa),#FeesMustFall; Students (South Africa),5,Police Forces of South Africa (1994-),,1,15,Southern Africa,South Africa,Gauteng,City of Tshwane,City of Tshwane,Soshanguve,-25.4729,28.0992,1,East Coast Radio (South Africa); Times (South Africa),National,"There were protest disruptions at the Soshanguve campus of Tuts in Pretoria. With heavy police presence, protest action by students has continued at the Tshwane University of Technology (TUT) with police firing rubber bullets at the Soshanguve campus to disperse crowds",0,1572403612,ZAF
9340,8009284,710,SAF8248,8248,2016-10-13,2016,1,Riots,Violent demonstration,Rioters (South Africa),#FeesMustFall; Students (South Africa),5,Police Forces of South Africa (1994-),,1,15,Southern Africa,South Africa,KwaZulu-Natal,eThekwini,eThekwini,Westville,-29.8333,30.9333,1,News24 (South Africa),National,"Violence broke out between police and students at UKZN's Westville campus. Police clashed with students armed with stones, and using ironing boards as shields.",0,1622068027,ZAF
9341,8887512,710,SAF8242,8242,2016-10-13,2016,1,Riots,Violent demonstration,Rioters (South Africa),#FeesMustFall; Students (South Africa),5,,,0,50,Southern Africa,South Africa,Gauteng,City of Johannesburg,City of Johannesburg,Johannesburg - Braamfontein,-26.1982,28.0219,1,Times (South Africa),National,protesters had used 'fire crackers to alarm and disperse students in the Matrix Student Centre' and there were 'reports of stink bombs being used to disrupt lectures in some classes' on the Braamfontein campus.,0,1646432974,ZAF
9344,5300328,710,SAF8241,8241,2016-10-12,2016,1,Riots,Violent demonstration,Rioters (South Africa),#FeesMustFall; Students (South Africa),5,,,0,50,Southern Africa,South Africa,Gauteng,Sedibeng,Emfuleni,Vaal University of Technology,-26.7113,27.8627,1,News24 (South Africa),National,"Violence at the Vaal University of Technology escalated, with buildings being set alight. Part of the VUT in Vanderbijlpark was set alight. Large groups of students were pictured and a structure was in flames.",0,1561469250,ZAF
9345,5741289,710,SAF8240,8240,2016-10-12,2016,1,Riots,Violent demonstration,Rioters (South Africa),#FeesMustFall; Students (South Africa),5,Police Forces of South Africa (1994-),,1,15,Southern Africa,South Africa,Gauteng,City of Tshwane,City of Tshwane,Tshwane University of Technology,-25.7322,28.1619,1,African News Agency,National,Lectures were suspended at the Tshwane University of Technology (TUT) Pretoria campus after protesting students burned tyres and barricaded the entrances to two campuses of the Pretoria institution. Rubber bullets were fired several times in the city centre as some students retaliated by throwing rocks and rubble towards police lines.,0,1567462123,ZAF
9346,5741296,710,SAF8236,8236,2016-10-12,2016,1,Riots,Violent demonstration,Rioters (South Africa),#FeesMustFall; Students (South Africa),5,Police Forces of South Africa (1994-),,1,15,Southern Africa,South Africa,Gauteng,City of Tshwane,City of Tshwane,Ga-Rankuwa,-25.6169,27.9947,1,African News Agency,National,Lectures were suspended at the Tshwane University of Technology (TUT) Pretoria campus after protesting students burned tyres and barricaded the entrances to two campuses of the Pretoria institution. Rubber bullets were fired several times in the city centre as some students retaliated by throwing rocks and rubble towards police lines.,0,1567462123,ZAF
9347,5741328,710,SAF8239,8239,2016-10-12,2016,1,Riots,Violent demonstration,Rioters (South Africa),#FeesMustFall; Students (South Africa),5,,,0,50,Southern Africa,South Africa,Gauteng,City of Tshwane,City of Tshwane,Pretoria West,-25.7484,28.154,1,African News Agency,National,"Students blocked off the TUT main campus in Pretoria west, setting alight several tyres and using rocks to block the roads.",0,1567462123,ZAF
9350,4786661,710,SAF8228,8228,2016-10-11,2016,1,Riots,Violent demonstration,Rioters (South Africa),#FeesMustFall; Students (South Africa),5,Police Forces of South Africa (1994-),,1,15,Southern Africa,South Africa,Western Cape,City of Cape Town,City of Cape Town,Cape Town,-33.9253,18.4239,1,GroundUp,National,"Tensions at the Cape Peninsula University of Technology (CPUT) campuses reached boiling point, with police firing stun grenades, tear-gas and rubber bullets at stone-throwing protesters. Twelve arrests were made at the Bellville campus, three at the Cape Town campus and another four at the Mowbray campus.",0,1552577172,ZAF
9351,5300325,710,SAF8233,8233,2016-10-11,2016,1,Riots,Violent demonstration,Rioters (South Africa),#FeesMustFall; Students (South Africa),5,,,0,50,Southern Africa,South Africa,Gauteng,City of Tshwane,City of Tshwane,Pretoria West,-25.7484,28.154,1,News24 (South Africa),National,Tyres were also burnt at the gate of the Tshwane University of Pretorias west campus.,0,1561469250,ZAF
9352,7522960,710,SAF8226,8226,2016-10-11,2016,1,Riots,Violent demonstration,Rioters (South Africa),#FeesMustFall; Students (South Africa),5,Police Forces of South Africa (1994-),,1,15,Southern Africa,South Africa,Western Cape,City of Cape Town,City of Cape Town,Cape Town - Bellville,-33.9,18.6333,1,GroundUp,National,"Tensions at the Cape Peninsula University of Technology (CPUT) campuses reached boiling point, with police firing stun grenades, tear-gas and rubber bullets at stone-throwing protesters. Twelve arrests were made at the Bellville campus, three at the Cape Town campus and another four at the Mowbray campus.",0,1611019297,ZAF
9353,7523021,710,SAF8231,8231,2016-10-11,2016,1,Riots,Violent demonstration,Rioters (South Africa),#FeesMustFall; Students (South Africa),5,Police Forces of South Africa (1994-),,1,15,Southern Africa,South Africa,Western Cape,City of Cape Town,City of Cape Town,Cape Town - Mowbray,-33.9333,18.4667,1,GroundUp,National,"Tensions at the Cape Peninsula University of Technology (CPUT) campuses reached boiling point, with police firing stun grenades, tear-gas and rubber bullets at stone-throwing protesters. Twelve arrests were made at the Bellville campus, three at the Cape Town campus and another four at the Mowbray campus.",0,1611019297,ZAF
9354,7525054,710,SAF8227,8227,2016-10-11,2016,1,Riots,Violent demonstration,Rioters (South Africa),#FeesMustFall; Students (South Africa),5,Police Forces of South Africa (1994-),,1,15,Southern Africa,South Africa,Gauteng,City of Johannesburg,City of Johannesburg,Johannesburg - Braamfontein,-26.1982,28.0219,1,News24 (South Africa),National,"Skirmishes between police and students continued throughout the day at Wits University. Police fired stun grenades and rubber bullets at students after protesters pelted stones at campus security guards stationed outside the Great Hall.At Wits University, the John Moffet Architecture Building was targeted in an arson attack.",0,1611019302,ZAF
9355,8009285,710,SAF8229,8229,2016-10-11,2016,1,Protests,Peaceful protest,Protesters (South Africa),#FeesMustFall; Students (South Africa),6,,,0,60,Southern Africa,South Africa,KwaZulu-Natal,eThekwini,eThekwini,Durban,-29.8579,31.0292,1,Mercury (South Africa),National,More than 1 000 university students from across KwaZulu-Natal joined a #FeesMustFall march to Durbans City Hall.,0,1622068027,ZAF
9357,8559495,710,SAF8230,8230,2016-10-11,2016,1,Protests,Peaceful protest,Protesters (South Africa),#FeesMustFall; Students (South Africa),6,,,0,60,Southern Africa,South Africa,Eastern Cape,Amathole,Raymond Mhlaba,University of Fort Hare,-32.7831,26.8433,1,GroundUp,National,Students at the University of Fort Hare University disrupted a meeting between parents and management.,0,1632244575,ZAF
9358,6232827,710,SAF8223,8223,2016-10-10,2016,1,Riots,Violent demonstration,Rioters (South Africa),#FeesMustFall; Students (South Africa),5,Police Forces of South Africa (1994-),Private Security Forces (South Africa),1,15,Southern Africa,South Africa,Western Cape,Cape Winelands,Stellenbosch,Stellenbosch,-33.9346,18.8668,1,Herald (South Africa); GroundUp,National,There were also student protests at the University of Pretoria and Stellenbosch University. Student protesters of the Fees Must Fall movement at Stellenbosch University clashed with police and private security. A protester argues with police after pepper spray had been used on protesters.,0,1572403612,ZAF
9359,6269133,710,SAF8222,8222,2016-10-10,2016,1,Protests,Peaceful protest,Protesters (South Africa),#FeesMustFall; Students (South Africa),6,,,0,60,Southern Africa,South Africa,Gauteng,City of Tshwane,City of Tshwane,Pretoria,-25.7449,28.1878,1,Herald (South Africa),National,There were also student protests at the University of Pretoria and Stellenbosch University.,0,1572403720,ZAF
9360,7210181,710,SAF8215,8215,2016-10-10,2016,1,Protests,Protest with intervention,Protesters (South Africa),#FeesMustFall; Students (South Africa),6,Private Security Forces (South Africa),,8,68,Southern Africa,South Africa,Free State,Mangaung,Mangaung,Bloemfontein,-29.1333,26.2,1,Cape Times; News24 (South Africa),National,The University of the Free State remained open despite protests by some students. Security used paintball guns to disperse the protesting group outside computer labs at the universities main campus.,0,1600121117,ZAF
9361,7520333,710,SAF8217,8217,2016-10-10,2016,1,Riots,Violent demonstration,Rioters (South Africa),#FeesMustFall; Students (South Africa),5,Police Forces of South Africa (1994-),,1,15,Southern Africa,South Africa,Gauteng,City of Johannesburg,City of Johannesburg,Johannesburg - Braamfontein,-26.1982,28.0219,1,Al Jazeera,Regional,"Hundreds of students demanding free education have clashed with police in renewed violence at Wits University in Johannesburg. Police used tear gas, rubber bullets, stun grenades and water cannon on Monday to disperse stone-throwing protesters at Witwatersrand University.",0,1611019289,ZAF
9363,7521603,710,SAF8214,8214,2016-10-10,2016,1,Protests,Peaceful protest,Protesters (South Africa),#FeesMustFall; Students (South Africa),6,,,0,60,Southern Africa,South Africa,Western Cape,City of Cape Town,City of Cape Town,Cape Town - Bellville,-33.9,18.6333,1,Cape Argus,Subnational,UWC said it had suspended on-campus operations for the rest of the week because of ongoing disruptions and protests.,0,1611019292,ZAF
9365,8009287,710,SAF8224,8224,2016-10-10,2016,1,Riots,Violent demonstration,Rioters (South Africa),#FeesMustFall; Students (South Africa),5,Police Forces of South Africa (1994-),,1,15,Southern Africa,South Africa,KwaZulu-Natal,eThekwini,eThekwini,Westville,-29.8333,30.9333,1,Cape Times,National,"At UKZN Westville campus, student protesters hurled bottles and bricks at police, who responded by firing tear gas.",0,1622068027,ZAF
9366,8009288,710,SAF8218,8218,2016-10-10,2016,1,Protests,Peaceful protest,Protesters (South Africa),#FeesMustFall; Students (South Africa),6,,,0,60,Southern Africa,South Africa,KwaZulu-Natal,eThekwini,eThekwini,Durban,-29.8579,31.0292,1,Cape Times,National,Learning was interreupted at UKZNs Howard cakpus in Durban as student protests continued.,0,1622068027,ZAF
9367,8009289,710,SAF8221,8221,2016-10-10,2016,1,Riots,Violent demonstration,Rioters (South Africa),#FeesMustFall; Students (South Africa),5,Police Forces of South Africa (1994-),,1,15,Southern Africa,South Africa,KwaZulu-Natal,Umgungundlovu,The Msunduzi,Pietermaritzburg,-29.6167,30.3833,1,News24 (South Africa),National,"Police and protesting students continue to face off at the University of KwaZulu-Natals Pietermaritzburg campus. Police officers were firing teargas and students responding with bottles, stones and marbles fired from slingshots.",0,1622068027,ZAF
9368,8553752,710,SAF8220,8220,2016-10-10,2016,1,Protests,Peaceful protest,Protesters (South Africa),#FeesMustFall; Students (South Africa),6,,,0,60,Southern Africa,South Africa,North West,Ngaka Modiri Molema,Mafikeng,Mahikeng,-25.8556,25.6367,1,Cape Times,National,There were disruptions at the Mafikeng campus as students protested. University management said disruptions were perpetrated by non-students.,0,1632239612,ZAF
9369,8566134,710,SAF8219,8219,2016-10-10,2016,1,Riots,Violent demonstration,Rioters (South Africa),#FeesMustFall; Students (South Africa),5,Police Forces of South Africa (1994-),,1,15,Southern Africa,South Africa,Eastern Cape,Sarah Baartman,Makana,Makhanda,-33.3042,26.5328,1,Cape Times; Herald (South Africa),Subnational-National,"In Grahamstown, Rhodes University remained closed. Five students were arrested after violent protests ensued. The five were arrested hours after university toilets were vandalised and aerosol cans were thrown into lecture rooms, so preventing staff and students from attending class.",0,1632782395,ZAF
9371,7521691,710,SAF8209,8209,2016-10-07,2016,1,Riots,Violent demonstration,Rioters (South Africa),#FeesMustFall; Students (South Africa),5,Police Forces of South Africa (1994-),,1,15,Southern Africa,South Africa,Western Cape,City of Cape Town,City of Cape Town,Cape Town - Bellville,-33.9,18.6333,1,Cape Argus,Subnational,Police officers used plastic shields and launched tear gas to hold back protesting CPUT students who were throwing rocks and faeces at the Bellville Campus.,0,1611019292,ZAF
9372,7734652,710,SAF8212,8212,2016-10-07,2016,1,Riots,Violent demonstration,Rioters (South Africa),#FeesMustFall; Students (South Africa),5,,,0,50,Southern Africa,South Africa,Eastern Cape,Nelson Mandela Bay,Nelson Mandela Bay,Gqeberha,-33.918,25.5701,1,African News Agency,National,A group of less than 100 students protested at the entrance of Nelson Mandela Metropolitan University's North Campus. As the protest continued and students burnt tyres police and private security guards kept a watchful eye.,0,1615249504,ZAF
9373,8009290,710,SAF8210,8210,2016-10-07,2016,1,Riots,Violent demonstration,Rioters (South Africa),#FeesMustFall; Students (South Africa),5,Police Forces of South Africa (1994-),,1,15,Southern Africa,South Africa,KwaZulu-Natal,eThekwini,eThekwini,Durban,-29.8579,31.0292,1,News24 (South Africa),National,Unconfirmed reports of running battles between police and students on Howard College Campus took place in ongoing protest action.,0,1622068027,ZAF
9374,8009291,710,SAF8213,8213,2016-10-07,2016,1,Riots,Violent demonstration,Rioters (South Africa),#FeesMustFall; Students (South Africa),5,Police Forces of South Africa (1994-),,1,15,Southern Africa,South Africa,KwaZulu-Natal,eThekwini,eThekwini,Westville,-29.8333,30.9333,1,IOL,National,"According to a student leader of the Westville campuss Students Representative Council, Ncebo Mazibuko was arrested after a skirmish during which the police fired rubber bullets.",0,1622068027,ZAF
9376,7522949,710,SAF8208,8208,2016-10-06,2016,1,Protests,Peaceful protest,Protesters (South Africa),#FeesMustFall; Students (South Africa),6,,,0,60,Southern Africa,South Africa,Western Cape,City of Cape Town,City of Cape Town,Cape Town - Wynberg,-33.9833,18.4,1,GroundUp,National,Students at UCT protests at the Wynberg Magitrates court as students were in court.,0,1611019297,ZAF
9377,7524877,710,SAF8205,8205,2016-10-06,2016,1,Riots,Violent demonstration,Rioters (South Africa),#FeesMustFall; Students (South Africa),5,Police Forces of South Africa (1994-),,1,15,Southern Africa,South Africa,Western Cape,City of Cape Town,City of Cape Town,Cape Town - Bellville,-33.9,18.6333,1,News24 (South Africa),National,A meeting at the Cape Peninsula of University of Technology's Bellville campus was disrupted when protesting students threw human faeces. Protesting students threw stones at police. Officers used stun grenades to disperse the crowd. No injuries were reported.,0,1611019302,ZAF
9378,8009292,710,SAF8207,8207,2016-10-06,2016,1,Riots,Violent demonstration,Rioters (South Africa),#FeesMustFall; Students (South Africa),5,Police Forces of South Africa (1994-),,1,15,Southern Africa,South Africa,KwaZulu-Natal,Umgungundlovu,The Msunduzi,Pietermaritzburg,-29.6167,30.3833,1,News24 (South Africa),National,Sporadic skirmishes between protesting students and police were reported at the University of KwaZulu-Natal's Pietermaritzburg campus.,0,1622068027,ZAF
9380,7521551,710,SAF8204,8204,2016-10-05,2016,1,Riots,Violent demonstration,Rioters (South Africa),#FeesMustFall; Students (South Africa),5,,,0,50,Southern Africa,South Africa,Western Cape,City of Cape Town,City of Cape Town,Cape Town - Rondebosch,-33.9633,18.4764,1,Cape Argus,Subnational,"Protest action continued at Cape Town universities with petrol bombs thrown, faeces flung around, lecture halls invaded and students who want to keep studying facing off with protesters.",0,1611019292,ZAF
9381,7521688,710,SAF8197,8197,2016-10-05,2016,1,Protests,Peaceful protest,Protesters (South Africa),#FeesMustFall; Students (South Africa),6,,,0,60,Southern Africa,South Africa,Western Cape,City of Cape Town,City of Cape Town,Cape Town - Bellville,-33.9,18.6333,1,Cape Argus,Subnational,"At the Cape Peninsula University of Cape Town (CPUT), students dumped human waste at the security office at the Bellville campus in ongoing protests.",0,1611019292,ZAF
9382,7527318,710,SAF8198,8198,2016-10-05,2016,1,Riots,Mob violence,Rioters (South Africa),#FeesMustFall; Students (South Africa),5,Rioters (South Africa),#FeesMustFall; Students (South Africa),5,55,Southern Africa,South Africa,Gauteng,City of Johannesburg,City of Johannesburg,Johannesburg - Braamfontein,-26.1982,28.0219,1,Star (South Africa),National,Two groups of students clashed at the University of Witwatersrandover whether or not to continue the academic year.,0,1611019334,ZAF
9383,7734554,710,SAF8202,8202,2016-10-05,2016,1,Protests,Peaceful protest,Protesters (South Africa),#FeesMustFall; Students (South Africa),6,,,0,60,Southern Africa,South Africa,Eastern Cape,Nelson Mandela Bay,Nelson Mandela Bay,Gqeberha,-33.918,25.5701,1,Herald (South Africa); GroundUp,Subnational-National,"About 30 students from the #FeesMustFall movement were singing and dancing at the main entrance toNMMU university (Port Elizabeth) while a few metres away was a group of about 80 people from #OpenNMMU, including students and parents of students. Manwhile, security guards and cleaners marched to the Port Elizabeth City Hall, demanding higher salaries, better working conditions and the end of outsourcing.The marchers work for various companies in the city but declined to name them.",0,1615249504,ZAF
9384,8009293,710,SAF8199,8199,2016-10-05,2016,1,Protests,Protest with intervention,Protesters (South Africa),#FeesMustFall; Students (South Africa),6,Police Forces of South Africa (1994-),,1,16,Southern Africa,South Africa,KwaZulu-Natal,eThekwini,eThekwini,Durban,-29.8579,31.0292,1,Cape Times,National,Six more students from the Durban University of Technology have been arrested. This after a group of approximately 30 students tried to disrupt classes at the ML Sultan campus.,0,1622068027,ZAF
9386,8566896,710,SAF8201,8201,2016-10-05,2016,1,Riots,Violent demonstration,Rioters (South Africa),#FeesMustFall; Students (South Africa),5,,,0,50,Southern Africa,South Africa,Eastern Cape,Sarah Baartman,Makana,Makhanda,-33.3042,26.5328,1,South African Police Service,Other,"A group of over 200 students blocked off all entrances to Rhodes campus and scattered medical syringes at the entrance at the corner of Prince Alfred and Somerset Streets. The group removed a trailer from the premises, overturned it at the Artillery Road entrance and set it alight.",0,1632782397,ZAF
9388,7524902,710,SAF8196,8196,2016-10-04,2016,1,Riots,Violent demonstration,Rioters (South Africa),#FeesMustFall; Students (South Africa),5,Police Forces of South Africa (1994-),,1,15,Southern Africa,South Africa,Western Cape,City of Cape Town,City of Cape Town,Cape Town - Rondebosch,-33.9633,18.4764,1,News24 (South Africa),National,"In ongoing protests at UCT, stun grenades and teargas were fired by police at UCT students set fires and tried to reoccupy the Steve Biko Students' Union building.",0,1611019302,ZAF
9389,7525034,710,SAF8193,8193,2016-10-04,2016,1,Riots,Violent demonstration,Rioters (South Africa),#FeesMustFall; Students (South Africa),5,Police Forces of South Africa (1994-),,1,15,Southern Africa,South Africa,Gauteng,City of Johannesburg,City of Johannesburg,Johannesburg - Braamfontein,-26.1982,28.0219,1,News24 (South Africa),National,Police fired stun grenades to disperse protesting Wits University students near the institutions Solomon Mahlangu House,0,1611019302,ZAF
9391,4788189,710,SAF8185,8185,2016-10-03,2016,1,Protests,Peaceful protest,Protesters (South Africa),#FeesMustFall; Students (South Africa),6,,,0,60,Southern Africa,South Africa,Western Cape,City of Cape Town,City of Cape Town,Cape Town,-33.9253,18.4239,1,Daily News (South Africa),National,"At CPUT a group of angry student protesters marched to the different faculties at the institution disrupting lectures.They forced their way into the business and mechanical engineering faculty, setting off the fire extinguishers inside the classes for students to vacate the lecture rooms.",0,1552577174,ZAF
9392,7518832,710,SAF8190,8190,2016-10-03,2016,1,Protests,Protest with intervention,Protesters (South Africa),#FeesMustFall; Students (South Africa),6,Police Forces of South Africa (1994-),,1,16,Southern Africa,South Africa,Western Cape,City of Cape Town,City of Cape Town,Cape Town - Rondebosch,-33.9633,18.4764,1,Star (South Africa); GroundUp,National,Protesters blocked the main entrances to the University of Cape Town (UCT). two students were arrested for blocking entrances to the university; intimidation and breach of an interdict that prohibits one of them from being on campus.,0,1611019285,ZAF
9393,7521844,710,SAF8189,8189,2016-10-03,2016,1,Protests,Peaceful protest,Protesters (South Africa),#FeesMustFall; Students (South Africa),6,,,0,60,Southern Africa,South Africa,Western Cape,City of Cape Town,City of Cape Town,Cape Town - Mowbray,-33.9333,18.4667,1,Cape Times,Subnational,"Universities in the Western Caperemain are on alert after protest action brought some campuses to a halt. Protesters shut down UWC and CPUTs Bellville, Mowbray campuses.",0,1611019293,ZAF
9394,7521952,710,SAF8183,8183,2016-10-03,2016,1,Protests,Peaceful protest,Protesters (South Africa),#FeesMustFall; Students (South Africa),6,,,0,60,Southern Africa,South Africa,Western Cape,City of Cape Town,City of Cape Town,Cape Town - Bellville,-33.9,18.6333,1,Cape Times,Subnational,"Universities in the Western Caperemain are on alert after protest action brought some campuses to a halt. Protesters shut down UWC and CPUTs Bellville, Mowbray campuses.",0,1611019293,ZAF
9396,7527194,710,SAF8184,8184,2016-10-03,2016,1,Protests,Peaceful protest,Protesters (South Africa),#FeesMustFall; Students (South Africa),6,,,0,60,Southern Africa,South Africa,Gauteng,City of Johannesburg,City of Johannesburg,Johannesburg - Braamfontein,-26.1982,28.0219,1,Sowetan (South Africa),National,Student at WITS in Johannesburg continued to protest over fee increaese.,0,1611019333,ZAF
9397,7527259,710,SAF8191,8191,2016-10-03,2016,1,Protests,Protest with intervention,Protesters (South Africa),#FeesMustFall; Students (South Africa),6,Police Forces of South Africa (1994-),,1,16,Southern Africa,South Africa,Gauteng,City of Johannesburg,City of Johannesburg,Johannesburg - Soweto,-26.2667,27.8667,1,Star (South Africa),National,"At the University of Johannesburgs Soweto campus, several students were arrested when they attempted to block entrances. They are being held at the Kliptown police station awaiting their appearance in court.",0,1611019333,ZAF
9398,8009296,710,SAF8186,8186,2016-10-03,2016,1,Protests,Peaceful protest,Protesters (South Africa),#FeesMustFall; Students (South Africa),6,,,0,60,Southern Africa,South Africa,KwaZulu-Natal,eThekwini,eThekwini,Durban,-29.8579,31.0292,1,Daily News (South Africa),National,Classes and tests were disrupted at the Durban University of Technology (DUT) as a small group of protesters forced students out of class.,0,1622068027,ZAF
9399,8009297,710,SAF8187,8187,2016-10-03,2016,1,Protests,Peaceful protest,Protesters (South Africa),#FeesMustFall; Students (South Africa),6,,,0,60,Southern Africa,South Africa,KwaZulu-Natal,eThekwini,eThekwini,Glenwood,-29.8706,30.9887,1,Daily News (South Africa),National,"At the University of KwaZulu-Natal (UKZN), students gathered at the Westville and Howard College campuses before they were asked by the police to disperse.",0,1622068027,ZAF
9401,8424851,710,SAF8192,8192,2016-10-03,2016,1,Protests,Peaceful protest,Protesters (South Africa),#FeesMustFall; Students (South Africa),6,,,0,60,Southern Africa,South Africa,KwaZulu-Natal,eThekwini,eThekwini,Westville,-29.8333,30.9333,1,Daily News (South Africa),National,"At the University of KwaZulu-Natal (UKZN), students gathered at the Westville and Howard College campuses before they were asked by the police to disperse.",0,1629138398,ZAF
9403,8009300,710,SAF8181,8181,2016-10-01,2016,1,Riots,Mob violence,Rioters (South Africa),#FeesMustFall; Students (South Africa),5,Police Forces of South Africa (1994-),Private Security Forces (South Africa),1,15,Southern Africa,South Africa,KwaZulu-Natal,Umgungundlovu,The Msunduzi,Pietermaritzburg,-29.6167,30.3833,1,News24 (South Africa),National,Four students were arrested for contravening court orders by inciting violence when throwing stones at security guards,0,1622068027,ZAF
9405,7523077,710,SAF8177,8177,2016-09-30,2016,1,Protests,Peaceful protest,Protesters (South Africa),#FeesMustFall; Students (South Africa),6,,,0,60,Southern Africa,South Africa,Western Cape,City of Cape Town,City of Cape Town,Cape Town - Rondebosch,-33.9633,18.4764,1,GroundUp,National,"Thousands of students and staff heeded a call to sit down for an hour and read in silence on the steps of the University of Cape Town (UCT) upper campus. A few minutes after the silent protest started, a group of about 100 #FeesMustFall protesters marched up the steps and stood in front of the bulk of the silent protesters.",0,1611019297,ZAF
9408,8009302,710,SAF8175,8175,2016-09-30,2016,1,Riots,Violent demonstration,Rioters (South Africa),#FeesMustFall; Students (South Africa),5,,,0,50,Southern Africa,South Africa,KwaZulu-Natal,Umgungundlovu,The Msunduzi,Edendale,-29.6525,30.315,1,GroundUp,National,Protesting students at the Indumiso campus of the Durban University of Technology (DUT) in Pietermaritzburg blocked roads with stones and burning tyres.,0,1622068027,ZAF
9411,7734983,710,SAF8173,8173,2016-09-29,2016,1,Protests,Peaceful protest,Protesters (South Africa),#FeesMustFall; Students (South Africa),6,,,0,60,Southern Africa,South Africa,Eastern Cape,Nelson Mandela Bay,Nelson Mandela Bay,Gqeberha,-33.918,25.5701,1,GroundUp,National,Student protesters from Nelson Mandela Metropolitan University (NMMU) walked through the streets of Port Elizabeth canvassing for moral support from residents,0,1615249506,ZAF
9412,8009304,710,SAF8172,8172,2016-09-29,2016,1,Riots,Mob violence,Rioters (South Africa),#FeesMustFall; Students (South Africa),5,Private Security Forces (South Africa),,8,58,Southern Africa,South Africa,KwaZulu-Natal,Uthungulu,uMhlathuze,KwaDlangezwa,-28.858,31.8411,1,African News Agency,National,A security guard has been left critically injured after being severely assaulted by students at the University of Zululand (UniZulu).,0,1622068027,ZAF
9413,8009305,710,SAF8170,8170,2016-09-29,2016,1,Protests,Peaceful protest,Protesters (South Africa),#FeesMustFall; Students (South Africa),6,,,0,60,Southern Africa,South Africa,KwaZulu-Natal,eThekwini,eThekwini,Durban,-29.8579,31.0292,1,African News Agency,National,About 100 students from the Durban University of Technology (DUT) staged a protest outside the Durban Magistrates Court on Thursday,0,1622068027,ZAF
9414,8566403,710,SAF8171,8171,2016-09-29,2016,1,Protests,Protest with intervention,Protesters (South Africa),#FeesMustFall; Students (South Africa),6,Police Forces of South Africa (1994-),,1,16,Southern Africa,South Africa,Eastern Cape,Sarah Baartman,Makana,Makhanda,-33.3042,26.5328,1,GroundUp,National,"Students at Rhodes University protested. Following their arrival on campus, police officers pepper-sprayed students in response to the disruption of a lecture",0,1632782396,ZAF
9415,5300279,710,SAF8164,8164,2016-09-28,2016,1,Riots,Mob violence,Rioters (South Africa),#FeesMustFall; Students (South Africa),5,Private Security Forces (South Africa),,8,58,Southern Africa,South Africa,Gauteng,West Rand,Merafong City,Doornfontein,-26.3949,27.3209,1,Star (South Africa),National,It was a chaotic day at the University of Johannesburg (UJ) (Doornsfontein) as students and private security clashed sporadically. Several students were pepper-sprayed and others were seen with cuts and bruises.,0,1561469250,ZAF
9418,7525031,710,SAF8167,8167,2016-09-28,2016,1,Protests,Peaceful protest,Protesters (South Africa),#FeesMustFall; Students (South Africa),6,,,0,60,Southern Africa,South Africa,Western Cape,City of Cape Town,City of Cape Town,Cape Town - Rondebosch,-33.9633,18.4764,1,News24 (South Africa),National,The University of Cape Town closed its campuses on Wednesday after a group of protesters allegedly 'intimidated and traumatised' university staff.,0,1611019302,ZAF
9419,7527230,710,SAF8163,8163,2016-09-28,2016,1,Protests,Peaceful protest,Protesters (South Africa),#FeesMustFall; Students (South Africa),6,,,0,60,Southern Africa,South Africa,Gauteng,City of Johannesburg,City of Johannesburg,Johannesburg - Auckland Park,-26.1814,28.0039,1,Star (South Africa),National,A large group of students gathered outside the main gate at the Auckland Park campus (UJ) but were barred from entering as security locked the gates.,0,1611019333,ZAF
9420,8009306,710,SAF8165,8165,2016-09-28,2016,1,Riots,Violent demonstration,Rioters (South Africa),#FeesMustFall; Students (South Africa),5,Police Forces of South Africa (1994-),,1,15,Southern Africa,South Africa,KwaZulu-Natal,eThekwini,eThekwini,Durban,-29.8579,31.0292,1,African News Agency,National,Students from the Durban University of Technology clashed with police for a second day in a row. Police had to use teargas and rubber bullets to disperse stone-throwing students.,0,1622068027,ZAF
9422,5741493,710,SAF8160,8160,2016-09-27,2016,1,Riots,Violent demonstration,Rioters (South Africa),#FeesMustFall; Students (South Africa),5,Police Forces of South Africa (1994-),,1,15,Southern Africa,South Africa,Limpopo,Capricorn,Polokwane,Polokwane,-23.9045,29.4689,1,African News Agency,National,Running battles between students at the University of Limpopo's Mankweng campus (Polokwane) and the police have forced the university management to suspend lectures.,0,1567462123,ZAF
9423,7525028,710,SAF8162,8162,2016-09-27,2016,1,Protests,Peaceful protest,Protesters (South Africa),#FeesMustFall; Students (South Africa),6,,,0,60,Southern Africa,South Africa,Western Cape,City of Cape Town,City of Cape Town,Cape Town - Rondebosch,-33.9633,18.4764,1,News24 (South Africa),National,A group of protesters gathered at UCTs main campus.,0,1611019302,ZAF
9425,8423821,710,SAF8158,8158,2016-09-27,2016,1,Riots,Violent demonstration,Rioters (South Africa),#FeesMustFall; Students (South Africa),5,Police Forces of South Africa (1994-),,1,15,Southern Africa,South Africa,Free State,Mangaung,Mangaung,Bloemfontein,-29.1333,26.2,1,News24 (South Africa),National,"University of Technology students were arrested during a protest in which a group of about 300 students marched on Markgraff Street in Bloemfontein and vandalised road signs and municipal bins, said Marope.",0,1629138392,ZAF
9426,5300268,710,SAF8146,8146,2016-09-26,2016,1,Protests,Peaceful protest,Protesters (South Africa),#FeesMustFall; Students (South Africa),6,,,0,60,Southern Africa,South Africa,Free State,Mangaung,Mangaung,Bloemfontein,-29.1333,26.2,1,News24 (South Africa),National,A handful of students protested on UFS campus in Bloemfontein while campus security monitored them.,0,1561469250,ZAF
9427,5741323,710,SAF8144,8144,2016-09-26,2016,1,Protests,Peaceful protest,Protesters (South Africa),#FeesMustFall; Students (South Africa),6,,,0,60,Southern Africa,South Africa,Gauteng,City of Tshwane,City of Tshwane,Arcadia,-25.7464,28.2214,1,African News Agency,National,"The protesting students also barricaded other TUT entrances at campuses including Arcadia, Soshanguve and GaRankuwa.",0,1567462123,ZAF
9429,5741398,710,SAF8157,8157,2016-09-26,2016,1,Riots,Violent demonstration,Rioters (South Africa),#FeesMustFall; Students (South Africa),5,,,0,50,Southern Africa,South Africa,Gauteng,City of Tshwane,City of Tshwane,Tshwane University of Technology,-25.7322,28.1619,1,African News Agency,National,"Tshwane University of Technology (TUT) students shut down their campuses on Monday, joining their colleagues in other parts of South Africa demanding free higher education. tyres were burning at the main campus of the TUT.",0,1567462123,ZAF
9430,5741431,710,SAF8150,8150,2016-09-26,2016,1,Protests,Peaceful protest,Protesters (South Africa),#FeesMustFall; Students (South Africa),6,,,0,60,Southern Africa,South Africa,Gauteng,City of Tshwane,City of Tshwane,Ga-Rankuwa,-25.6169,27.9947,1,African News Agency,National,"The protesting students also barricaded other TUT entrances at campuses including Arcadia, Soshanguve and GaRankuwa.",0,1567462123,ZAF
9431,5741448,710,SAF8155,8155,2016-09-26,2016,1,Protests,Peaceful protest,Protesters (South Africa),#FeesMustFall; Students (South Africa),6,,,0,60,Southern Africa,South Africa,Gauteng,City of Tshwane,City of Tshwane,Soshanguve,-25.4729,28.0992,1,African News Agency,National,"The protesting students also barricaded other TUT entrances at campuses including Arcadia, Soshanguve and GaRankuwa.",0,1567462123,ZAF
9432,6310686,710,SAF8154,8154,2016-09-26,2016,1,Protests,Peaceful protest,Protesters (South Africa),#FeesMustFall; Students (South Africa),6,,,0,60,Southern Africa,South Africa,Gauteng,City of Tshwane,City of Tshwane,Pretoria,-25.7449,28.1878,1,Sowetan (South Africa),National,Students marched on the streets of Pretoria as they demanded the shutdown of universities until the government declares higher education free.,0,1572403781,ZAF
9433,7522540,710,SAF8145,8145,2016-09-26,2016,1,Protests,Peaceful protest,Protesters (South Africa),#FeesMustFall; Students (South Africa),6,,,0,60,Southern Africa,South Africa,Gauteng,City of Johannesburg,City of Johannesburg,Johannesburg - Auckland Park,-26.1814,28.0039,1,eNCA (South Africa),National,"At the University of Johannesburg, all entrances to the university's main campus in Auckland Park were closed as students joined the protests.",0,1611019295,ZAF
9434,7522552,710,SAF8156,8156,2016-09-26,2016,1,Protests,Peaceful protest,Protesters (South Africa),#FeesMustFall; Students (South Africa),6,,,0,60,Southern Africa,South Africa,Gauteng,City of Johannesburg,City of Johannesburg,Johannesburg - Soweto,-26.2667,27.8667,1,EWN,National,Fees Must Fall protests spread to the University of Johannesburg's Kingsway (Auckland Park) and Soweto campuses.,0,1611019295,ZAF
9435,7525004,710,SAF8148,8148,2016-09-26,2016,1,Protests,Peaceful protest,Protesters (South Africa),#FeesMustFall; Students (South Africa),6,,,0,60,Southern Africa,South Africa,Gauteng,City of Johannesburg,City of Johannesburg,Johannesburg - Braamfontein,-26.1982,28.0219,1,News24 (South Africa),National,Wits students have marched toward Adam Habibs home as the protest against university fees escalates.,0,1611019302,ZAF
9436,8009308,710,SAF8153,8153,2016-09-26,2016,1,Riots,Violent demonstration,Rioters (South Africa),#FeesMustFall; Students (South Africa),5,,,0,50,Southern Africa,South Africa,KwaZulu-Natal,Umgungundlovu,The Msunduzi,Pietermaritzburg,-29.6167,30.3833,1,Daily News (South Africa); News24 (South Africa),National,"A fire tore through a residence at the University of KwaZulu-Natal's Pietermaritzburg campus. Later on, students barricaded the entrances to residences threw faeces at a test venue.",0,1622068027,ZAF
9437,8009309,710,SAF8149,8149,2016-09-26,2016,1,Protests,Peaceful protest,Protesters (South Africa),#FeesMustFall; Students (South Africa),6,,,0,60,Southern Africa,South Africa,KwaZulu-Natal,eThekwini,eThekwini,Durban,-29.8579,31.0292,1,African News Agency,National,Students at the Durban University of Technology's campuses (Durban) engaged in marches on to call for the removal of fees.,0,1622068027,ZAF
9439,8009311,710,SAF8151,8151,2016-09-26,2016,1,Protests,Peaceful protest,Protesters (South Africa),#FeesMustFall; Students (South Africa),6,,,0,60,Southern Africa,South Africa,KwaZulu-Natal,Umgungundlovu,The Msunduzi,Imbali,-29.6545,30.3506,1,African News Agency,National,Students at the Durban University of Technology's campuses (Pietermaritzburg - Imbali) engaged in marches on to call for the removal of fees.,0,1622068027,ZAF
9440,5300266,710,SAF8143,8143,2016-09-23,2016,1,Protests,Peaceful protest,Protesters (South Africa),#FeesMustFall; Students (South Africa),6,,,0,60,Southern Africa,South Africa,Western Cape,Cape Winelands,Stellenbosch,Stellenbosch,-33.9346,18.8668,1,News24 (South Africa),National,Over 1000 students marched around the University of Stellenbosch in good spirits on to drum up support for a campaign to scrap university fees and decolonise education.,0,1561469250,ZAF
9442,7735724,710,SAF8141,8141,2016-09-23,2016,1,Riots,Violent demonstration,Rioters (South Africa),#FeesMustFall; Students (South Africa),5,,,0,50,Southern Africa,South Africa,Eastern Cape,Nelson Mandela Bay,Nelson Mandela Bay,Gqeberha,-33.918,25.5701,1,News24 (South Africa),National,"The Nelson Mandela Metropolitan University has again been forced to close its doors as protests took place. A small group of students once again barricaded the entrance to the main campus with upturned benches, pallets and burning tyres",0,1615249507,ZAF
9443,4790265,710,SAF8136,8136,2016-09-22,2016,1,Protests,Peaceful protest,Protesters (South Africa),#FeesMustFall; Students (South Africa),6,,,0,60,Southern Africa,South Africa,Western Cape,City of Cape Town,City of Cape Town,Cape Town,-33.9253,18.4239,1,GroundUp,National,"A divided group of a few hundred protesters, some picketing against fees for higher education and some protesting the picket, gathered outside Parliament in Cape Town.",0,1552577176,ZAF
9444,7734970,710,SAF8140,8140,2016-09-22,2016,1,Protests,Peaceful protest,Protesters (South Africa),#FeesMustFall; Students (South Africa),6,,,0,60,Southern Africa,South Africa,Eastern Cape,Nelson Mandela Bay,Nelson Mandela Bay,Gqeberha,-33.918,25.5701,1,GroundUp,National,Students from the Nelson Mandela Metropolitan University vowed to continue with the Fees Must Fall protest. They gathered at the Port Elizabeth Magistrates Court where nine students appeared in court.,0,1615249506,ZAF
9445,8009312,710,SAF8139,8139,2016-09-22,2016,1,Riots,Violent demonstration,Rioters (South Africa),#FeesMustFall; Students (South Africa),5,Police Forces of South Africa (1994-),,1,15,Southern Africa,South Africa,KwaZulu-Natal,Umgungundlovu,The Msunduzi,Pietermaritzburg,-29.6167,30.3833,1,Daily Vox (South Africa); News24 (South Africa),National,"More than 500 protesting students clashed with riot police, and threw stones at a test venue at the campus. Police shot rubber bullets and released teargas on protesting students at the Malherbe residence on campus.",0,1622068027,ZAF
9446,8553765,710,SAF8138,8138,2016-09-22,2016,1,Protests,Peaceful protest,Protesters (South Africa),#FeesMustFall; Students (South Africa),6,,,0,60,Southern Africa,South Africa,North West,Ngaka Modiri Molema,Mafikeng,Mahikeng,-25.8556,25.6367,1,Times (South Africa),National,The North West University (NWU) has shut down its Mahikeng campus indefinitely Tuesday.,0,1632239612,ZAF
9447,8566401,710,SAF8137,8137,2016-09-22,2016,1,Riots,Violent demonstration,Rioters (South Africa),#FeesMustFall; Students (South Africa),5,,,0,50,Southern Africa,South Africa,Eastern Cape,Sarah Baartman,Makana,Makhanda,-33.3042,26.5328,1,GroundUp,National,Rhodes student protested at the university over fee increases.Tyres were burnt,0,1632782396,ZAF
9448,5300257,710,SAF8125,8125,2016-09-21,2016,1,Protests,Peaceful protest,Protesters (South Africa),#FeesMustFall; Students (South Africa),6,,,0,60,Southern Africa,South Africa,Free State,Mangaung,Mangaung,Bloemfontein,-29.1333,26.2,1,News24 (South Africa),National,A group of University of the Free State students marched to Motheo FET College in Bloemfontein to ask students there to join their fees protest.,0,1561469250,ZAF
9449,6120187,710,SAF8124,8124,2016-09-21,2016,1,Riots,Violent demonstration,Rioters (South Africa),#FeesMustFall; Students (South Africa),5,,,0,50,Southern Africa,South Africa,Gauteng,City of Tshwane,City of Tshwane,Arcadia,-25.7464,28.2214,1,Pretoria News,Subnational,Minor protests were also reported at the Tshwane University of Technology's Arcadia campus. About 50 students at Tshwane University of Technology gathered at the Arcadia campus and burnt tyres at the main entrance.,0,1571164634,ZAF
9451,7211561,710,SAF8127,8127,2016-09-21,2016,1,Protests,Peaceful protest,Protesters (South Africa),#FeesMustFall; Students (South Africa),6,,,0,60,Southern Africa,South Africa,Western Cape,City of Cape Town,City of Cape Town,Cape Town,-33.9253,18.4239,1,Cape Times,Subnational,Student activists from UCT continued with the #FeesMustFall national shutdown yesterday by disrupting the universities Hiddingh campus.,0,1600121122,ZAF
9452,7525143,710,SAF8135,8135,2016-09-21,2016,1,Protests,Peaceful protest,Protesters (South Africa),#FeesMustFall; Students (South Africa),6,,,0,60,Southern Africa,South Africa,Western Cape,City of Cape Town,City of Cape Town,Cape Town - Rondebosch,-33.9633,18.4764,1,Pretoria News,National,"Students at the University of Cape Town continued to protest, while the institution's heath faculty made plans to hold a picket outside Parliament this afternoon.",0,1611019302,ZAF
9453,7525161,710,SAF8126,8126,2016-09-21,2016,1,Riots,Violent demonstration,Rioters (South Africa),#FeesMustFall; Students (South Africa),5,Police Forces of South Africa (1994-),,1,15,Southern Africa,South Africa,Gauteng,City of Johannesburg,City of Johannesburg,Johannesburg - Braamfontein,-26.1982,28.0219,1,Pretoria News,Subnational,"Chaos reigned at Wits University as rocks and rubber bullets were exchanged between students and the police, who used stun grenades and tear gas in a bid to quell the protests",0,1611019303,ZAF
9454,7735708,710,SAF8133,8133,2016-09-21,2016,1,Riots,Violent demonstration,Rioters (South Africa),#FeesMustFall; Students (South Africa),5,Police Forces of South Africa (1994-),,1,15,Southern Africa,South Africa,Eastern Cape,Nelson Mandela Bay,Nelson Mandela Bay,Gqeberha,-33.918,25.5701,1,News24 (South Africa),National,A peaceful student march quickly turned into a confrontation with police at Nelson Mandela Metropolitan University. Students pushed back and a group at the back began hurling water bottles at police. Students blocked the road while 11 were arrested.,0,1615249507,ZAF
9456,8553766,710,SAF8131,8131,2016-09-21,2016,1,Protests,Peaceful protest,Protesters (South Africa),#FeesMustFall; Students (South Africa),6,,,0,60,Southern Africa,South Africa,North West,Ngaka Modiri Molema,Mafikeng,Mahikeng,-25.8556,25.6367,1,Times (South Africa),National,The North West University (NWU) has shut down its Mahikeng campus indefinitely Tuesday.,0,1632239612,ZAF
9457,8559507,710,SAF8128,8128,2016-09-21,2016,1,Riots,Violent demonstration,Rioters (South Africa),#FeesMustFall; Students (South Africa),5,,,0,50,Southern Africa,South Africa,Eastern Cape,Amathole,Raymond Mhlaba,University of Fort Hare,-32.7831,26.8433,1,GroundUp,National,"Students at Fort Hare's Alice campus set a building alight last night, containing much of the university's equipment. This followed a mass meeting in which students did not agree with some of the resolutions presented by the university's management.",0,1632244575,ZAF
9459,8566352,710,SAF8129,8129,2016-09-21,2016,1,Protests,Peaceful protest,Protesters (South Africa),#FeesMustFall; Students (South Africa),6,,,0,60,Southern Africa,South Africa,Eastern Cape,Sarah Baartman,Makana,Makhanda,-33.3042,26.5328,1,Daily Dispatch (South Africa),National,800 students were active as lectures were disrupted by protesters at Rhodes University.,0,1632782396,ZAF
9461,5300247,710,SAF8112,8112,2016-09-20,2016,1,Protests,Peaceful protest,Protesters (South Africa),#FeesMustFall; Students (South Africa),6,,,0,60,Southern Africa,South Africa,Free State,Mangaung,Mangaung,Bloemfontein,-29.1333,26.2,1,News24 (South Africa),National,The University of the Free State suspended all academic activities due to ongoing protests.,0,1561469250,ZAF
9462,5300256,710,SAF8123,8123,2016-09-20,2016,1,Riots,Mob violence,Rioters (South Africa),#FeesMustFall; Students (South Africa),5,Civilians (South Africa),,7,57,Southern Africa,South Africa,Western Cape,Cape Winelands,Stellenbosch,Stellenbosch,-33.9346,18.8668,1,News24 (South Africa),National,University of Stellenbosch students damaged property and assaulted fellow students and members of staff on Monday and Tuesday.,0,1561469250,ZAF
9464,6232819,710,SAF8110,8110,2016-09-20,2016,1,Protests,Peaceful protest,Protesters (South Africa),#FeesMustFall; Students (South Africa),6,,,0,60,Southern Africa,South Africa,Gauteng,City of Tshwane,City of Tshwane,Arcadia,-25.7464,28.2214,1,Star (South Africa); Mercury (South Africa); Cape Argus,National,Students at the TUT Arcadia and Arts campuses shut down both campuses as they were against the possible fee increment,0,1572403612,ZAF
9465,6232823,710,SAF8121,8121,2016-09-20,2016,1,Protests,Peaceful protest,Protesters (South Africa),#FeesMustFall; Students (South Africa),6,,,0,60,Southern Africa,South Africa,Gauteng,City of Tshwane,City of Tshwane,Pretoria West,-25.7484,28.154,1,Cape Argus; Star (South Africa); Mercury (South Africa),National,Students at the Pretoria West Campus shut down both campuses as they were against the possible fee increment,0,1572403612,ZAF
9467,7518829,710,SAF8111,8111,2016-09-20,2016,1,Protests,Peaceful protest,Protesters (South Africa),#FeesMustFall; Students (South Africa),6,,,0,60,Southern Africa,South Africa,Western Cape,City of Cape Town,City of Cape Town,Cape Town - Bellville,-33.9,18.6333,1,Star (South Africa); Cape Argus; Mercury (South Africa),Subnational-National,"Stellenbosch University's Tygerberg campus was also blockaded, causing the suspension of classes",0,1611019285,ZAF
9468,7518830,710,SAF8113,8113,2016-09-20,2016,1,Riots,Violent demonstration,Rioters (South Africa),#FeesMustFall; Students (South Africa),5,Police Forces of South Africa (1994-),Private Security Forces (South Africa),1,15,Southern Africa,South Africa,Gauteng,City of Johannesburg,City of Johannesburg,Johannesburg - Braamfontein,-26.1982,28.0219,1,Mercury (South Africa); Cape Argus; Star (South Africa),National,"Wits University has shut down its campuses following violence and unrest: Students, police and private security guards at Wits clashed several times.",0,1611019285,ZAF
9469,7518831,710,SAF8122,8122,2016-09-20,2016,1,Riots,Violent demonstration,Rioters (South Africa),#FeesMustFall; Students (South Africa),5,,,0,50,Southern Africa,South Africa,Western Cape,City of Cape Town,City of Cape Town,Cape Town - Rondebosch,-33.9633,18.4764,1,Mercury (South Africa); Cape Argus; Star (South Africa),Subnational-National,"A large group of UCT students disrupted lectures, effectively preventing any access to campus. Students used boulders, tree stumps, rubble and canoes to barricade the access routes.",0,1611019285,ZAF
9471,7734553,710,SAF8120,8120,2016-09-20,2016,1,Protests,Peaceful protest,Protesters (South Africa),#FeesMustFall; Students (South Africa),6,,,0,60,Southern Africa,South Africa,Eastern Cape,Nelson Mandela Bay,Nelson Mandela Bay,Gqeberha,-33.918,25.5701,1,Cape Argus; Mercury (South Africa); Star (South Africa),National,The management at the Nelson Mandela Metropolitan University in Port Elizabeth urged its staff and students to stay off campus as protests continued.,0,1615249504,ZAF
9473,8553767,710,SAF8118,8118,2016-09-20,2016,1,Protests,Peaceful protest,Protesters (South Africa),#FeesMustFall; Students (South Africa),6,,,0,60,Southern Africa,South Africa,North West,Ngaka Modiri Molema,Mafikeng,Mahikeng,-25.8556,25.6367,1,Times (South Africa),National,The North West University (NWU) has shut down its Mahikeng campus indefinitely Tuesday.,0,1632239612,ZAF
9474,5300239,710,SAF8104,8104,2016-09-19,2016,1,Protests,Peaceful protest,Protesters (South Africa),#FeesMustFall; Students (South Africa),6,,,0,60,Southern Africa,South Africa,Free State,Mangaung,Mangaung,Bloemfontein,-29.1333,26.2,1,News24 (South Africa),National,Students of the University of the Free State protested on campus over fee hikes.,0,1561469250,ZAF
9475,5300243,710,SAF8109,8109,2016-09-19,2016,1,Riots,Violent demonstration,Rioters (South Africa),#FeesMustFall; Students (South Africa),5,,,0,50,Southern Africa,South Africa,Western Cape,Cape Winelands,Stellenbosch,Stellenbosch,-33.9346,18.8668,1,News24 (South Africa),National,University of Stellenbosch students damaged property and assaulted fellow students and members of staff on Monday and Tuesday.,0,1561469250,ZAF
9477,7520120,710,SAF8105,8105,2016-09-19,2016,1,Protests,Peaceful protest,Protesters (South Africa),#FeesMustFall; Students (South Africa),6,,,0,60,Southern Africa,South Africa,Gauteng,City of Johannesburg,City of Johannesburg,Johannesburg - Braamfontein,-26.1982,28.0219,1,African News Agency,National,Lectures at Witwatersrand University would continue despite students protesting against the looming tuition fee hike.,0,1611019289,ZAF
9478,7524951,710,SAF8108,8108,2016-09-19,2016,1,Protests,Peaceful protest,Protesters (South Africa),#FeesMustFall; Students (South Africa),6,,,0,60,Southern Africa,South Africa,Western Cape,City of Cape Town,City of Cape Town,Cape Town - Rondebosch,-33.9633,18.4764,1,News24 (South Africa),National,Students blocked both the south and north entrances at UCT's upper campus and all Jammie Shuttle routes were suspended.,0,1611019302,ZAF
9962,5921147,710,SAF7623,7623,2016-05-09,2016,1,Protests,Peaceful protest,Protesters (South Africa),#FeesMustFall; Students (South Africa),6,,,0,60,Southern Africa,South Africa,Gauteng,City of Johannesburg,City of Johannesburg,Johannesburg,-26.2023,28.0436,1,Daily Vox (South Africa),National,Suspended students and members of the #FeesMustFall campaign protested at the University of Johannesburg.,0,1567465433,ZAF
10146,7518822,710,SAF7439,7439,2016-04-04,2016,1,Riots,Violent demonstration,Rioters (South Africa),#FeesMustFall; Students (South Africa),5,,,0,50,Southern Africa,South Africa,Gauteng,City of Johannesburg,City of Johannesburg,Johannesburg - Braamfontein,-26.1982,28.0219,1,Democratic Alliance (South Africa); Cape Argus,Other-National,"Protests disrupted lectures at the University of the Witwatersrands Braamfontein campus. In the chaos, students set alight seats in a Wits lecture hall, causing extensive damage",0,1611019285,ZAF
10357,6035900,710,SAF7227,7227,2016-02-24,2016,1,Riots,Violent demonstration,Rioters (South Africa),#FeesMustFall; Students (South Africa),5,Police Forces of South Africa (1994-),,1,15,Southern Africa,South Africa,Western Cape,City of Cape Town,City of Cape Town,Cape Town,-33.9253,18.4239,1,Cape Argus; Cape Times; AOL News,Subnational-International,Classes at UWC have been disrupted and university property damaged in three days of protests against outsourcing between Feb.22-24. #FeesMustFall protesters and outsourced workers clashed with police and university security during the protests.,0,1571164386,ZAF
10366,6035899,710,SAF7218,7218,2016-02-23,2016,1,Riots,Violent demonstration,Rioters (South Africa),#FeesMustFall; Students (South Africa),5,Police Forces of South Africa (1994-),,1,15,Southern Africa,South Africa,Western Cape,City of Cape Town,City of Cape Town,Cape Town,-33.9253,18.4239,1,Cape Argus; AOL News; Cape Times,Subnational-International,Classes at UWC have been disrupted and university property damaged in three days of protests against outsourcing between Feb.22-24. #FeesMustFall protesters and outsourced workers clashed with police and university security during the protests.,0,1571164386,ZAF
10375,6035898,710,SAF7213,7213,2016-02-22,2016,1,Riots,Violent demonstration,Rioters (South Africa),#FeesMustFall; Students (South Africa),5,Police Forces of South Africa (1994-),,1,15,Southern Africa,South Africa,Western Cape,City of Cape Town,City of Cape Town,Cape Town,-33.9253,18.4239,1,Cape Times; AOL News; Cape Argus,Subnational-International,Classes at UWC have been disrupted and university property damaged in three days of protests against outsourcing between Feb.22-24. #FeesMustFall protesters and outsourced workers clashed with police and university security during the protests.,0,1571164386,ZAF
10403,7523016,710,SAF7184,7184,2016-02-17,2016,1,Protests,Peaceful protest,Protesters (South Africa),#FeesMustFall; Students (South Africa),6,,,0,60,Southern Africa,South Africa,Western Cape,City of Cape Town,City of Cape Town,Cape Town - Bellville,-33.9,18.6333,1,GroundUp,National,"#FeesWillFall student protesters protested to demand the suspesion of academic programmes so that the process of clearing debt, registration and residence placement can be completed.",0,1611019297,ZAF
10496,5921114,710,SAF7097,7097,2016-01-27,2016,1,Protests,Peaceful protest,Protesters (South Africa),#FeesMustFall; Students (South Africa),6,,,0,60,Southern Africa,South Africa,Western Cape,Cape Winelands,Stellenbosch,Stellenbosch,-33.9346,18.8668,1,News24 (South Africa),National,"About 10 students, believed to be members of the Stellenbosch Fees Must Fall movement, protested outside the Admin building of Stellenbosch Univeristy.",0,1567465433,ZAF
