,Protest,NuTweets,d1,d2,d3,d4,d5,d6,d7,d8,d9,d10,average,likes,followers,retweets,replies,sub,pol,place,grievances,triggers,tactics,actors,locations,weapons,eventualities,curiosities,non_protests,universities
0,1,156,0.4090909090909091,0.18181818181818182,0.06818181818181818,0.06818181818181818,0.5,1.0,0.5,0.5454545454545454,0.45454545454545453,0.22727272727272727,17.4,0.8012820512820513,11181.128205128205,0.8269230769230769,0.26282051282051283,0.46830060757144093,0.09290014191055858,City of Cape Town,['Education'],['Court hearing'],['Gathering'],['Political Party'],['Tertiary Edu'],"['Police weapons', 'Crowd projectiles', 'Crowd weapons']",['Police attack'],['Special Keywords'],"['Football matches', 'Other sport', 'Election campaigns', '16 Days of activism']",['Stellenbosh University']
1,0,38,0.2222222222222222,0.5555555555555556,0.4444444444444444,0.4444444444444444,0.4444444444444444,0.1111111111111111,0.4444444444444444,0.1111111111111111,1.0,0.6666666666666666,4.0,1.0789473684210527,31909.263157894737,0.7631578947368421,0.23684210526315788,0.2974304447988658,0.09039324162679425,City of Cape Town,['Education'],['Wage disputes'],['Gathering'],['Political Party'],['Tertiary Edu'],[],[],[],"['Election campaigns', 'Exhibitions', 'Other sport']",['Stellenbosh University']
2,1,128,0.17647058823529413,0.9411764705882353,1.0,0.8235294117647058,0.8235294117647058,0.8823529411764706,0.5882352941176471,0.6470588235294118,0.8235294117647058,1.0,13.1,1.0546875,17116.125,1.828125,0.3046875,0.45905725784632034,0.10091924640752767,City of Cape Town,['Education'],['Project begin'],"['Disrupt', 'Gathering']",['Political Party'],['Tertiary Edu'],['Police weapons'],['Police attack'],['Special Keywords'],['Election campaigns'],['Stellenbosh University']
3,0,40,0.2222222222222222,0.4444444444444444,0.5555555555555556,0.6666666666666666,0.2222222222222222,0.1111111111111111,0.2222222222222222,1.0,0.4444444444444444,0.7777777777777778,4.2,1.45,8602.425,1.075,0.425,0.29318750000000005,0.08612962962962963,Cape Winelands,['Education'],['Court hearing'],['Gathering'],['Political Party'],['School'],['Crowd projectiles'],[],['Special Keywords'],"['Election campaigns', '16 Days of activism']",['Stellenbosh University']
4,1,164,0.20454545454545456,0.4090909090909091,0.18181818181818182,0.06818181818181818,0.06818181818181818,0.5,1.0,0.5,0.5454545454545454,0.45454545454545453,17.3,0.7682926829268293,11386.274390243903,0.8170731707317073,0.2621951219512195,0.4640946610413075,0.0897256431181736,City of Cape Town,['Education'],['Court hearing'],['Gathering'],['Political Party'],['Tertiary Edu'],"['Crowd projectiles', 'Crowd weapons']",['Police attack'],['Special Keywords'],"['Football matches', 'Other sport', 'Election campaigns', '16 Days of activism']",['Stellenbosh University']
5,0,140,1.0,0.5,0.5454545454545454,0.45454545454545453,0.22727272727272727,0.06818181818181818,0.36363636363636365,0.38636363636363635,0.3181818181818182,0.3181818181818182,18.4,0.9785714285714285,11919.25,0.9571428571428572,0.2714285714285714,0.4568914871504157,0.10923556783824641,City of Cape Town,['Education'],['Court hearing'],['Gathering'],['Political Party'],['Tertiary Edu'],"['Police weapons', 'Crowd projectiles']",['Police attack'],['Special Keywords'],"['Exhibitions', 'Election days', 'Football matches', 'Other sport']",['Stellenbosh University']
6,1,32,0.125,0.125,0.75,0.25,0.25,0.625,0.5,1.0,0.25,0.25,3.3,1.125,27298.3125,0.5,0.21875,0.47899959415584414,0.13255873466810966,City of Cape Town,"['Housing', 'Education']",['Court hearing'],['Disrupt'],['Political Party'],['Tertiary Edu'],['Police weapons'],[],[],"['Other sport', '16 Days of activism']",['Stellenbosh University']
7,1,27,0.8333333333333334,0.5,0.16666666666666666,0.8333333333333334,1.0,0.16666666666666666,0.16666666666666666,1.0,0.3333333333333333,0.3333333333333333,3.2,0.48148148148148145,40827.666666666664,0.2222222222222222,0.14814814814814814,0.37592666078777187,0.08546523435412323,City of Cape Town,['Education'],['Court hearing'],['Gathering'],['Political Party'],['Tertiary Edu'],['Police weapons'],[],[],['16 Days of activism'],['Stellenbosh University']
8,0,22,1.0,0.0,0.16666666666666666,0.0,0.6666666666666666,0.6666666666666666,1.0,0.16666666666666666,0.5,0.5,2.8,1.5454545454545454,20280.090909090908,1.2272727272727273,0.18181818181818182,0.25138077200577197,0.06624729437229437,Cape Winelands,"['Education', 'Values']",['Working conditions'],['Gathering'],['Political Party'],['School'],[],[],[],['16 Days of activism'],['Stellenbosh University']
9,0,31,0.3333333333333333,0.2222222222222222,0.3333333333333333,0.2222222222222222,0.4444444444444444,0.1111111111111111,0.3333333333333333,0.2222222222222222,0.5555555555555556,1.0,3.4,0.8387096774193549,28824.09677419355,2.129032258064516,0.16129032258064516,0.37123085695666347,0.12323395242750082,City of Cape Town,['Education'],"['Crime Event', 'Evictions', 'Court hearing']","['March', 'Disrupt']",['Political Party'],"['Tertiary Edu', 'School']",[],[],['Special Keywords'],['16 Days of activism'],['University of Pretoria']
10,1,78,0.5294117647058824,0.17647058823529413,0.11764705882352941,0.5882352941176471,0.9411764705882353,1.0,0.7647058823529411,0.7058823529411765,0.11764705882352941,0.17647058823529413,8.7,0.5512820512820513,4848.423076923077,2.641025641025641,0.41025641025641024,0.37118360805860806,0.1446915541056166,City of Cape Town,"['Mining', 'National govt', 'Education']","['Court hearing', 'Crime Event', 'Dismissals']",['Disrupt'],['Political Party'],['Tertiary Edu'],['Police weapons'],[],['Special Keywords'],"['Election campaigns', 'Other sport', 'Church']",['Stellenbosh University']
11,1,84,0.5294117647058824,0.5294117647058824,0.17647058823529413,0.11764705882352941,0.5882352941176471,0.9411764705882353,1.0,0.7647058823529411,0.7058823529411765,0.11764705882352941,9.3,0.5714285714285714,4957.559523809524,2.511904761904762,0.38095238095238093,0.3650077947845805,0.11220035844198792,City of Cape Town,"['Mining', 'National govt', 'Education']",['Crime Event'],['Disrupt'],['Political Party'],['Tertiary Edu'],['Police weapons'],[],['Special Keywords'],['Other sport'],['Stellenbosh University']
12,1,100,0.76,0.56,0.28,0.12,1.0,0.52,0.36,0.72,0.32,0.12,11.9,3.51,4581.71,4.85,0.28,0.37938441798941797,0.09321802910052909,City of Cape Town,['Education'],"['Wage disputes', 'Court hearing']",['Disrupt'],['Political Party'],['Tertiary Edu'],[],[],['Special Keywords'],['Election campaigns'],['Stellenbosh University']
13,0,32,0.625,1.0,0.25,0.125,0.25,0.25,0.75,0.875,0.125,0.375,3.7,0.53125,3529.875,0.59375,0.5,0.3318098958333333,-0.010933159722222228,City of Cape Town,"['Conditions', 'Education']","['Utility connections', 'Crime Event']","['Gathering', 'March']",['Political Party'],['School'],['Police weapons'],[],[],"['Other sport', 'Election days']",['Stellenbosh University']
14,0,23,0.6,0.2,1.0,0.2,0.0,0.8,0.4,0.2,0.8,1.0,2.6,1.0,15450.434782608696,0.6956521739130435,0.17391304347826086,0.3682908637256463,0.03638079311992355,Cape Winelands,['Labour related'],['Arrests'],['Gathering'],"['Political Party', 'Union']","['Tertiary Edu', 'Informal area']",[],[],[],['Election campaigns'],['Stellenbosh University']
15,0,24,1.0,0.15789473684210525,0.05263157894736842,0.10526315789473684,0.15789473684210525,0.15789473684210525,0.15789473684210525,0.10526315789473684,0.2631578947368421,0.10526315789473684,4.3,1.0416666666666667,4780.458333333333,0.75,0.16666666666666666,0.39238866843033504,0.1814649470899471,City of Cape Town,['Housing'],['Arrests'],['March'],['Political Party'],"['School', 'Informal area', 'Tertiary Edu']",[],[],[],['16 Days of activism'],['University of Pretoria']
16,1,157,0.1875,0.75,1.0,0.625,0.59375,0.4375,0.21875,0.09375,0.78125,0.40625,16.3,4.789808917197452,17862.751592356686,9.26751592356688,0.6369426751592356,0.3966925319313855,0.10823881348363834,City of Cape Town,['Education'],['Court hearing'],"['Disrupt', 'Gathering']",['Political Party'],['Tertiary Edu'],[],[],['Movements'],['Election campaigns'],['Stellenbosh University']
17,1,127,0.15625,0.0625,0.1875,0.75,1.0,0.625,0.59375,0.4375,0.21875,0.09375,13.2,5.05511811023622,21556.858267716536,9.984251968503937,0.6535433070866141,0.3952288255634712,0.10844942559263425,City of Cape Town,['Education'],['Court hearing'],['Gathering'],['Political Party'],['Tertiary Edu'],[],[],"['Special Keywords', 'Movements']","['Taxi violence', 'Exhibitions']",['Stellenbosh University']
18,1,68,0.5833333333333334,0.125,0.125,0.5,0.3333333333333333,1.0,0.375,0.20833333333333334,0.125,0.041666666666666664,8.2,3.8676470588235294,52426.58823529412,4.102941176470588,1.4558823529411764,0.40070144724556483,0.08406577593158475,City of Cape Town,['Education'],"['Court hearing', 'Working conditions']",['March'],['Political Party'],['Tertiary Edu'],['Crowd projectiles'],[],['Special Keywords'],"['Other sport', 'Election campaigns']",['Stellenbosh University']
19,1,129,0.46875,0.15625,0.0625,0.1875,0.75,1.0,0.625,0.59375,0.4375,0.21875,14.4,5.046511627906977,21744.821705426355,9.891472868217054,0.6589147286821705,0.39189748164554367,0.11130845996882818,City of Cape Town,['Education'],['Court hearing'],['Gathering'],['Political Party'],['Tertiary Edu'],[],[],"['Special Keywords', 'Movements']","['Taxi violence', 'Exhibitions']",['Stellenbosh University']
20,0,24,1.0,0.25,0.5,0.25,1.0,0.25,0.625,0.0,0.0,0.125,3.2,2.4166666666666665,47046.25,5.541666666666667,0.5416666666666666,0.373015873015873,0.10714285714285715,City of Cape Town,"['Housing', 'Values', 'Healthcare', 'Community recognition', 'Election outcome']","['Dismissals', 'Arrests', 'Court hearing']",['Gathering'],['Political Party'],['School'],[],[],[],['Election campaigns'],['Stellenbosh University']
21,0,22,0.5,0.6666666666666666,0.5,0.16666666666666666,0.5,0.6666666666666666,1.0,0.0,0.16666666666666666,0.0,2.5,3.272727272727273,89452.5,1.3636363636363635,0.18181818181818182,0.32882395382395385,-0.09838564213564212,City of Cape Town,['Education'],['Working conditions'],['Disrupt'],"['Civic org', 'Political Party']",['Tertiary Edu'],[],[],[],[],['Stellenbosh University']
22,0,46,0.0,0.07692307692307693,0.3076923076923077,0.0,0.46153846153846156,0.9230769230769231,0.38461538461538464,1.0,0.15384615384615385,0.23076923076923078,4.6,0.7608695652173914,39427.282608695656,0.9130434782608695,0.2608695652173913,0.0,0.0,City of Cape Town,['Education'],['Court hearing'],['Disrupt'],['Political Party'],['Tertiary Edu'],['Police weapons'],[],['Movements'],['Other sport'],['Stellenbosh University']
23,0,26,0.5,0.0,0.6666666666666666,1.0,0.3333333333333333,0.16666666666666666,0.6666666666666666,0.3333333333333333,0.6666666666666666,0.5,2.9,1.2692307692307692,22043.384615384617,0.9615384615384616,0.23076923076923078,0.3383547008547008,0.12647144522144524,Cape Winelands,['Education'],['Court hearing'],['Gathering'],['Political Party'],['School'],['Police weapons'],[],['Special Keywords'],"['Exhibitions', 'Football matches', 'Election campaigns']",['Stellenbosh University']
24,1,28,0.375,0.125,0.375,0.5,1.0,0.25,0.5,0.25,0.0,0.5,3.1,0.25,3049.214285714286,0.21428571428571427,0.17857142857142858,0.0,0.0,City of Cape Town,['National govt'],"['Evictions', 'Court hearing']",['March'],['Political Party'],['Tertiary Edu'],['Police weapons'],[],['Special Keywords'],['Election campaigns'],['Stellenbosh University']
25,0,31,1.0,0.3,0.1,0.2,0.7,0.4,0.4,0.6,0.3,0.1,4.1,0.6451612903225806,35053.93548387097,1.064516129032258,0.0,0.0,0.0,City of Cape Town,['Education'],['Working conditions'],['Gathering'],['Political Party'],['Tertiary Edu'],[],[],['Special Keywords'],['Election campaigns'],['Stellenbosh University']
26,1,178,0.06818181818181818,0.5,1.0,0.5,0.5454545454545454,0.45454545454545453,0.22727272727272727,0.06818181818181818,0.36363636363636365,0.38636363636363635,18.1,0.797752808988764,10950.005617977527,0.9606741573033708,0.3089887640449438,0.46299529200512346,0.10729572510822512,City of Cape Town,['Education'],['Court hearing'],['Gathering'],['Political Party'],['Tertiary Edu'],['Crowd projectiles'],['Police attack'],['Special Keywords'],"['Exhibitions', 'Election days', 'Football matches', 'Other sport', 'Election campaigns', '16 Days of activism']",['Stellenbosh University']
27,0,31,0.14285714285714285,0.2857142857142857,0.2857142857142857,0.8571428571428571,1.0,0.14285714285714285,0.42857142857142855,0.2857142857142857,0.2857142857142857,0.8571428571428571,3.2,0.9354838709677419,5889.548387096775,0.6451612903225806,0.41935483870967744,0.36769713261648745,0.0020161290322580653,City of Cape Town,['Education'],"['Working conditions', 'Court hearing', 'Dismissals', 'Utility connections']",['Gathering'],['Political Party'],['School'],['Police weapons'],[],[],"['Other sport', 'Election days']",['Stellenbosh University']
28,1,142,0.5384615384615384,0.5384615384615384,0.5769230769230769,0.38461538461538464,0.4230769230769231,0.5384615384615384,0.6538461538461539,1.0,0.8076923076923077,0.5384615384615384,15.6,1.1690140845070423,15153.471830985916,1.852112676056338,0.24647887323943662,0.4081798450636479,0.08907527234111742,City of Cape Town,['Education'],['Arrests'],"['Disrupt', 'Gathering']",['Political Party'],['Tertiary Edu'],['Police weapons'],['Police attack'],['Special Keywords'],"['Other sport', 'Election campaigns']",['Stellenbosh University']
29,0,33,0.5714285714285714,0.14285714285714285,0.0,0.14285714285714285,1.0,0.42857142857142855,0.7142857142857143,0.7142857142857143,1.0,0.5714285714285714,3.7,1.4242424242424243,6867.030303030303,1.7272727272727273,0.24242424242424243,0.3353601491101491,0.060484006734006744,Cape Winelands,['Education'],['Arrests'],['Gathering'],['Political Party'],['School'],['Police weapons'],[],['Special Keywords'],['Other sport'],['Stellenbosh University']
30,0,30,0.16666666666666666,0.6666666666666666,0.8333333333333334,0.16666666666666666,0.3333333333333333,0.3333333333333333,0.5,0.6666666666666666,1.0,0.5,3.1,1.2333333333333334,9899.666666666666,0.5333333333333333,0.2,0.3398996913580247,0.004683641975308645,City of Cape Town,['Education'],"['Dismissals', 'Court hearing']",['Disrupt'],['Political Party'],['School'],[],[],['Special Keywords'],['16 Days of activism'],['Stellenbosh University']
31,0,43,0.625,1.0,0.625,0.125,0.375,1.0,0.75,0.875,0.5,0.125,4.8,0.627906976744186,67623.3488372093,1.1627906976744187,0.23255813953488372,0.2804146112285647,0.10960476861639651,City of Cape Town,['Education'],"['Wage disputes', 'Court hearing']",['Gathering'],['Political Party'],['Tertiary Edu'],['Police weapons'],['Police attack'],['Special Keywords'],['Election campaigns'],['Stellenbosh University']
32,0,17,0.0,0.0,0.16666666666666666,0.3333333333333333,0.16666666666666666,0.16666666666666666,0.3333333333333333,0.3333333333333333,0.3333333333333333,1.0,1.7,16.764705882352942,41882.41176470588,5.411764705882353,0.4117647058823529,0.42647058823529416,0.1465686274509804,Cape Winelands,['Mining'],['Wage disputes'],"['Disrupt', 'Attack', 'Gathering']",['Political Party'],['School'],[],[],[],['Election campaigns'],['Stellenbosh University']
33,0,40,0.3333333333333333,0.2222222222222222,0.5555555555555556,1.0,0.3333333333333333,0.7777777777777778,0.0,0.6666666666666666,0.3333333333333333,0.5555555555555556,4.3,2.35,47366.0,1.725,0.075,0.3091287878787879,0.12933238636363636,City of Cape Town,['Education'],"['Dismissals', 'Crime Event']",['March'],['Political Party'],['Tertiary Edu'],[],[],['Special Keywords'],['Funerals'],['University of Pretoria']
34,1,26,0.6666666666666666,0.5,0.0,0.6666666666666666,1.0,0.3333333333333333,0.16666666666666666,0.6666666666666666,0.3333333333333333,0.6666666666666666,3.0,1.1538461538461537,21275.0,0.9615384615384616,0.3076923076923077,0.3647970085470086,0.10291375291375292,City of Cape Town,['Education'],['Court hearing'],['Gathering'],['Political Party'],['School'],[],[],['Special Keywords'],"['Exhibitions', 'Football matches', 'Election campaigns']",['Stellenbosh University']
35,1,59,0.16666666666666666,0.25,0.08333333333333333,0.8333333333333334,0.8333333333333334,1.0,0.75,0.75,0.25,0.16666666666666666,6.1,0.6440677966101694,74917.94915254238,1.694915254237288,0.2033898305084746,0.12841606133979017,0.02295937584073178,City of Cape Town,['Education'],"['Crime Event', 'Wage disputes', 'Project begin', 'Court hearing', 'Dismissals']",['Gathering'],['Political Party'],['Tertiary Edu'],[],['Police attack'],['Special Keywords'],"['Election campaigns', 'Other sport']",['Stellenbosh University']
36,1,145,0.06818181818181818,0.5681818181818182,0.29545454545454547,0.20454545454545456,0.4090909090909091,0.18181818181818182,0.06818181818181818,0.06818181818181818,0.5,1.0,14.8,1.1379310344827587,4640.075862068966,1.896551724137931,0.3310344827586207,0.4472254830737589,0.07351324244082866,City of Cape Town,['Education'],"['Arrests', 'Court hearing', 'Utility connections']",['Disrupt'],['Political Party'],['Tertiary Edu'],[],[],['Special Keywords'],['Election campaigns'],['Stellenbosh University']
37,0,17,0.5,0.0,0.5,0.75,0.25,0.5,1.0,0.0,0.5,0.75,1.9,0.8235294117647058,110130.11764705883,0.8823529411764706,0.29411764705882354,0.528921568627451,0.0014705882352941124,City of Cape Town,"['Housing', 'Disaster response', 'Election outcome']","['Evictions', 'Working conditions', 'Court hearing']",['Gathering'],['Political Party'],['School'],[],[],['Special Keywords'],['Election days'],['Stellenbosh University']
38,0,32,0.125,0.25,0.125,0.875,1.0,0.25,0.625,0.375,0.125,0.375,3.3,1.34375,141656.125,0.59375,0.21875,0.3302821180555555,0.047903645833333335,City of Cape Town,"['Electricity', 'Education']",['Utility connections'],"['March', 'Gathering']",['Political Party'],['School'],[],[],['Special Keywords'],"['Election campaigns', 'Football matches']",['Stellenbosh University']
39,0,31,0.75,0.125,0.125,0.75,0.25,0.25,0.625,0.5,1.0,0.25,3.7,1.1612903225806452,28103.612903225807,0.5806451612903226,0.22580645161290322,0.4686447423544198,0.1239315970767584,City of Cape Town,"['Housing', 'Education']","['Wage disputes', 'Working conditions', 'Crime Event', 'Court hearing']","['Disrupt', 'March']",['Political Party'],['Tertiary Edu'],['Police weapons'],[],[],"['Other sport', '16 Days of activism']",['Stellenbosh University']
40,1,119,0.5769230769230769,0.38461538461538464,0.4230769230769231,0.5384615384615384,0.6538461538461539,1.0,0.8076923076923077,0.5384615384615384,0.11538461538461539,0.11538461538461539,13.4,1.2016806722689075,10490.420168067227,2.142857142857143,0.2773109243697479,0.3883481877599524,0.08866680257961768,City of Cape Town,['Education'],['Arrests'],['Disrupt'],['Political Party'],['Tertiary Edu'],['Police weapons'],['Police attack'],['Special Keywords'],"['Other sport', 'Election campaigns']",['Stellenbosh University']
41,0,23,0.2857142857142857,0.2857142857142857,0.42857142857142855,0.5714285714285714,0.2857142857142857,0.2857142857142857,0.14285714285714285,0.14285714285714285,0.14285714285714285,1.0,2.5,5.695652173913044,54431.434782608696,5.695652173913044,0.6521739130434783,0.30327294685990336,0.09572463768115942,City of Cape Town,"['Education', 'National govt']",['Working conditions'],['Gathering'],['Political Party'],"['Tertiary Edu', 'School']",[],[],['Special Keywords'],['Other sport'],['Stellenbosh University']
42,0,18,0.16666666666666666,0.0,0.0,1.0,0.16666666666666666,0.3333333333333333,0.16666666666666666,0.16666666666666666,0.16666666666666666,1.0,1.9,1.9444444444444444,10545.0,1.8888888888888888,0.2222222222222222,0.4288403880070547,0.1301646549823633,City of Cape Town,['Education'],['Court hearing'],['Gathering'],['Political Party'],['School'],[],[],[],['Election days'],['Stellenbosh University']
43,0,29,0.0,0.5714285714285714,0.7142857142857143,1.0,0.2857142857142857,0.14285714285714285,0.0,0.14285714285714285,0.42857142857142855,0.8571428571428571,2.9,1.1379310344827587,6027.482758620689,1.0689655172413792,0.20689655172413793,0.4198989898989899,0.018783633751306168,City of Cape Town,"['Education', 'Electricity']",['Court hearing'],"['Lock-out', 'Disrupt', 'March', 'Attack']",['Political Party'],['School'],[],[],['Special Keywords'],['16 Days of activism'],['Stellenbosh University']
44,1,24,0.6,0.6,0.4,0.0,1.0,0.6,1.0,0.2,1.0,0.0,2.7,1.1666666666666667,7373.083333333333,1.5416666666666667,0.25,0.324643759018759,0.172398088023088,City of Cape Town,['Education'],['Working conditions'],['Disrupt'],['Political Party'],['School'],[],[],[],['16 Days of activism'],['Stellenbosh University']
45,1,151,0.18181818181818182,0.06818181818181818,0.06818181818181818,0.5,1.0,0.5,0.5454545454545454,0.45454545454545453,0.22727272727272727,0.06818181818181818,15.9,0.8079470198675497,11375.132450331126,0.8410596026490066,0.2781456953642384,0.4699823088978718,0.09029767280181186,City of Cape Town,['Education'],['Court hearing'],['Gathering'],['Political Party'],['Tertiary Edu'],"['Police weapons', 'Crowd projectiles', 'Crowd weapons']",['Police attack'],['Special Keywords'],"['Election days', 'Football matches', 'Other sport', 'Election campaigns', '16 Days of activism']",['Stellenbosh University']
46,0,30,0.3333333333333333,0.08333333333333333,0.4166666666666667,0.08333333333333333,0.0,0.08333333333333333,0.3333333333333333,0.0,0.5,1.0,3.4,0.8333333333333334,42915.4,0.9,0.26666666666666666,0.0,0.0,City of Cape Town,['Education'],"['Court hearing', 'Wage disputes', 'Working conditions']",['Disrupt'],['Political Party'],['Tertiary Edu'],['Police weapons'],[],[],['Other sport'],['Stellenbosh University']
47,1,131,0.5384615384615384,0.5769230769230769,0.38461538461538464,0.4230769230769231,0.5384615384615384,0.6538461538461539,1.0,0.8076923076923077,0.5384615384615384,0.11538461538461539,14.5,1.16793893129771,16204.190839694656,2.0229007633587788,0.26717557251908397,0.39642042012271017,0.08662467321341366,City of Cape Town,['Education'],['Arrests'],['Disrupt'],['Political Party'],['Tertiary Edu'],['Police weapons'],['Police attack'],['Special Keywords'],"['Other sport', 'Election campaigns']",['Stellenbosh University']
48,1,74,0.13636363636363635,0.09090909090909091,0.22727272727272727,0.18181818181818182,1.0,0.6363636363636364,0.4090909090909091,0.5,0.13636363636363635,0.18181818181818182,7.7,3.418918918918919,36583.12162162162,3.364864864864865,0.3918918918918919,0.3593910875160875,0.07504179402616903,City of Cape Town,['Education'],"['Court hearing', 'Working conditions']",['March'],['Political Party'],['Tertiary Edu'],['Police weapons'],[],['Special Keywords'],"['Football matches', 'Election campaigns', '16 Days of activism', 'Election days']",['Stellenbosh University']
49,0,26,0.3333333333333333,1.0,0.2222222222222222,0.3333333333333333,0.3333333333333333,0.2222222222222222,0.2222222222222222,0.2222222222222222,0.3333333333333333,0.0,2.9,1.2307692307692308,12967.384615384615,1.0769230769230769,0.11538461538461539,0.2729201354201354,0.09552530802530802,Cape Winelands,['Housing'],['Wage disputes'],['Gathering'],['Political Party'],['School'],['Police weapons'],[],[],['Election campaigns'],['Stellenbosh University']
50,1,150,0.0625,0.1875,0.75,1.0,0.625,0.59375,0.4375,0.21875,0.09375,0.78125,15.2,4.613333333333333,18687.253333333334,9.04,0.6466666666666666,0.403223368606702,0.10688255070546739,City of Cape Town,['Education'],['Court hearing'],['Gathering'],['Political Party'],['Tertiary Edu'],[],[],['Movements'],"['Election campaigns', 'Taxi violence', 'Exhibitions']",['Stellenbosh University']
51,1,91,0.7058823529411765,0.5294117647058824,0.5294117647058824,0.17647058823529413,0.11764705882352941,0.5882352941176471,0.9411764705882353,1.0,0.7647058823529411,0.7058823529411765,10.3,0.5274725274725275,21480.24175824176,2.4285714285714284,0.37362637362637363,0.36160060177917325,0.11845967152886795,City of Cape Town,"['National govt', 'Education']",['Crime Event'],['Disrupt'],['Political Party'],['Tertiary Edu'],['Police weapons'],['Police attack'],[],['Other sport'],['Stellenbosh University']
52,0,19,0.8,0.4,0.6,0.2,1.0,0.2,0.0,0.8,0.4,0.2,2.3,1.263157894736842,18352.894736842107,0.8421052631578947,0.10526315789473684,0.4405626245099929,0.06275335775335777,Cape Winelands,['Labour related'],['Arrests'],['Gathering'],['Political Party'],"['Informal area', 'School']",[],[],[],['Election campaigns'],['Stellenbosh University']
53,1,164,0.06818181818181818,0.06818181818181818,0.5,1.0,0.5,0.5454545454545454,0.45454545454545453,0.22727272727272727,0.06818181818181818,0.36363636363636365,16.7,0.8048780487804879,11278.024390243903,0.8597560975609756,0.2926829268292683,0.47777334538767463,0.09800999432478093,City of Cape Town,['Education'],['Court hearing'],['Gathering'],['Political Party'],['Tertiary Edu'],['Crowd projectiles'],['Police attack'],['Special Keywords'],"['Election days', 'Football matches', 'Other sport', 'Election campaigns', '16 Days of activism']",['Stellenbosh University']
54,1,26,1.0,0.25,0.25,0.5,0.625,0.0,0.125,1.0,0.375,0.125,3.4,0.8076923076923077,46612.61538461538,0.34615384615384615,0.11538461538461539,0.4752414252414253,0.18106476856476858,City of Cape Town,['Housing'],['Court hearing'],"['Lock-out', 'Disrupt']",['Political Party'],"['Business premises', 'Tertiary Edu']",[],[],[],"['Other sport', 'Election days']",['Stellenbosh University']
55,1,22,0.5,0.3333333333333333,0.16666666666666666,0.5,0.16666666666666666,0.3333333333333333,0.6666666666666666,0.5,0.0,1.0,2.5,1.5454545454545454,3203.0,2.5454545454545454,0.13636363636363635,0.3546176046176046,0.03779310966810966,City of Cape Town,['Education'],"['Working conditions', 'Arrests', 'Utility connections']","['Disrupt', 'Gathering']",['Political Party'],['Tertiary Edu'],[],[],['Special Keywords'],['Taxi violence'],['Stellenbosh University']
56,1,89,0.56,0.28,0.12,1.0,0.52,0.36,0.72,0.32,0.12,0.12,10.3,1.5617977528089888,3961.808988764045,2.3707865168539324,0.3146067415730337,0.4193613934962249,0.07168692408299149,City of Cape Town,['Education'],"['Working conditions', 'Wage disputes', 'Court hearing', 'Utility connections', 'Dismissals']",['Disrupt'],['Political Party'],['Tertiary Edu'],[],[],"['Movements', 'Special Keywords']","['Election days', 'Election campaigns']",['Stellenbosh University']
57,1,133,0.9166666666666666,1.0,0.8333333333333334,0.4166666666666667,0.125,0.6666666666666666,0.7083333333333334,0.5833333333333334,0.5833333333333334,0.625,15.5,0.7744360902255639,10257.323308270677,0.7518796992481203,0.2706766917293233,0.46220363770175804,0.09692548244709898,City of Cape Town,['Education'],['Court hearing'],['Gathering'],['Political Party'],['Tertiary Edu'],['Police weapons'],['Police attack'],['Special Keywords'],['Football matches'],['Stellenbosh University']
58,1,119,1.0,0.8333333333333334,0.4166666666666667,0.125,0.6666666666666666,0.7083333333333334,0.5833333333333334,0.5833333333333334,0.625,0.4166666666666667,14.3,0.6302521008403361,11816.033613445377,0.8403361344537815,0.31092436974789917,0.4659487835538256,0.11392646957773007,City of Cape Town,['Education'],['Court hearing'],"['Disrupt', 'Gathering']",['Political Party'],['Tertiary Edu'],['Police weapons'],['Police attack'],['Special Keywords'],['Football matches'],['Stellenbosh University']
59,0,35,0.16666666666666666,0.5,1.0,0.8333333333333334,1.0,0.5,0.5,0.5,0.6666666666666666,0.3333333333333333,3.6,0.9428571428571428,2604.114285714286,0.42857142857142855,0.2,0.3648769841269841,0.059867334054834055,City of Cape Town,['Housing'],"['Dismissals', 'Court hearing', 'Project begin']",['Gathering'],['Political Party'],['Tertiary Edu'],[],[],[],['Football matches'],['Stellenbosh University']
60,0,14,0.5,0.0,0.0,0.5,0.0,0.5,0.75,0.25,0.5,1.0,1.6,0.7857142857142857,66270.57142857143,0.8571428571428571,0.2857142857142857,0.48908730158730157,0.03531746031746032,City of Cape Town,"['Disaster response', 'Election outcome']",['Court hearing'],['Gathering'],"['Political Party', 'Civic org', 'Union']","['School', 'Court']",[],[],['Special Keywords'],['Election days'],['Stellenbosh University']
61,0,31,0.16666666666666666,0.5,0.16666666666666666,0.6666666666666666,0.6666666666666666,0.3333333333333333,1.0,0.8333333333333334,0.8333333333333334,0.16666666666666666,3.2,1.4516129032258065,15757.645161290322,1.8709677419354838,0.3870967741935484,0.3522145417306708,0.021999080668435502,Cape Winelands,['Education'],"['Court hearing', 'Evictions']",['Gathering'],['Political Party'],['Tertiary Edu'],['Police weapons'],[],['Special Keywords'],"['Other sport', 'Election campaigns']",['Stellenbosh University']
62,1,137,0.0625,0.46875,0.15625,0.0625,0.1875,0.75,1.0,0.625,0.59375,0.4375,13.9,4.91970802919708,21067.17518248175,9.708029197080291,0.7007299270072993,0.3832158305333488,0.1034925100413239,City of Cape Town,['Education'],['Court hearing'],['Gathering'],['Political Party'],['Tertiary Edu'],[],[],['Movements'],"['Taxi violence', '16 Days of activism', 'Exhibitions']",['Stellenbosh University']
63,0,44,0.3333333333333333,0.2222222222222222,0.3333333333333333,1.0,0.4444444444444444,0.7777777777777778,0.3333333333333333,0.4444444444444444,1.0,0.3333333333333333,4.7,1.0454545454545454,33518.15909090909,1.25,0.3409090909090909,0.22713293650793653,0.06552579365079364,Cape Winelands,['Education'],['Working conditions'],['Gathering'],['Political Party'],['School'],[],[],['Special Keywords'],"['Other sport', '16 Days of activism']",['Stellenbosh University']
64,1,47,0.5,0.125,0.1875,0.3125,1.0,0.25,0.3125,0.4375,0.0,0.3125,5.5,1.1914893617021276,8346.808510638299,2.1914893617021276,0.2127659574468085,0.4193875942812113,0.1002581124057188,eThekwini,['Education'],['Arrests'],['Gathering'],['Political Party'],['Tertiary Edu'],['Police weapons'],[],[],['Exhibitions'],['University of Pretoria']
65,1,7,0.5,0.0,0.5,0.0,0.5,0.0,0.0,0.5,1.0,1.0,0.8,1.8571428571428572,6437.0,0.5714285714285714,0.14285714285714285,0.3316666666666666,0.012380952380952366,eThekwini,[],[],"['Lock-out', 'Disrupt']",[],"['Business premises', 'Informal area', 'Tertiary Edu']",[],[],[],[],"['University of Pretoria', 'Rhodes University', 'Stellenbosh University', 'Central University of Technology']"
66,1,58,0.4375,0.5,0.5,0.125,0.1875,0.3125,1.0,0.25,0.3125,0.4375,6.5,1.6551724137931034,13748.362068965518,4.189655172413793,0.29310344827586204,0.42112251413975554,0.12168904511038132,eThekwini,['Education'],['Arrests'],['Gathering'],['Political Party'],['Tertiary Edu'],['Police weapons'],[],['Special Keywords'],['Exhibitions'],['University of Pretoria']
67,1,90,0.12903225806451613,0.16129032258064516,0.22580645161290322,0.0,0.16129032258064516,1.0,0.25806451612903225,0.12903225806451613,0.6451612903225806,0.3225806451612903,9.4,2.0,18751.422222222223,3.9444444444444446,0.4666666666666667,0.42576851851851855,0.09632823272406606,eThekwini,['Education'],['Court hearing'],"['Disrupt', 'March']",['Political Party'],['Tertiary Edu'],['Police weapons'],[],"['Movements', 'Special Keywords']",['Exhibitions'],"['Stellenbosh University', 'University of Pretoria']"
68,1,81,0.0967741935483871,0.16129032258064516,0.5161290322580645,0.12903225806451613,0.16129032258064516,0.22580645161290322,0.0,0.16129032258064516,1.0,0.25806451612903225,8.4,1.2345679012345678,16408.061728395063,2.259259259259259,0.3333333333333333,0.42509847148736046,0.11419167980510575,eThekwini,['Education'],['Court hearing'],['Gathering'],['Political Party'],['Tertiary Edu'],['Police weapons'],[],"['Movements', 'Special Keywords']","['16 Days of activism', 'Exhibitions']",['University of Pretoria']
69,0,44,0.0,0.2,0.13333333333333333,0.0,0.0,0.06666666666666667,1.0,0.6,0.6,0.3333333333333333,4.4,0.9090909090909091,4482.045454545455,0.22727272727272727,0.29545454545454547,0.5800147989636625,0.10426659041715859,eThekwini,"['Ratepayers abuse', 'Labour related', 'Education', 'Electricity']",['Working conditions'],['Disrupt'],['Political Party'],['Tertiary Edu'],[],[],['Special Keywords'],"['Election days', 'Other sport', 'Election campaigns']",['University of Pretoria']
70,1,63,0.0625,0.1875,1.0,0.6875,0.4375,0.5,0.5,0.125,0.1875,0.3125,6.4,3.380952380952381,19281.5873015873,6.571428571428571,0.8571428571428571,0.4087322965100743,0.10045896416928163,eThekwini,['Education'],['Arrests'],['Disrupt'],['Political Party'],['Tertiary Edu'],"['Police weapons', 'Crowd weapons', 'Crowd projectiles']",[],['Special Keywords'],['Election debates'],['University of Pretoria']
71,1,81,0.2,1.0,0.5,0.1,0.2,0.9,0.6,0.6,0.15,0.0,8.5,2.925925925925926,27542.444444444445,6.802469135802469,0.7160493827160493,0.4450842641583383,0.0790707449272264,eThekwini,['Education'],['Arrests'],['Disrupt'],['Political Party'],['Tertiary Edu'],['Police weapons'],['Police attack'],[],['Exhibitions'],['University of Pretoria']
72,0,8,0.0,1.0,0.5,0.0,0.0,0.5,0.5,0.5,0.5,0.5,0.8,0.75,5031.875,0.875,0.125,0.18229166666666669,-0.07916666666666666,eThekwini,"['Housing', 'National govt']",['Wage disputes'],['Gathering'],['Political Party'],"['Tertiary Edu', 'School']",[],[],[],['Election campaigns'],['University of Pretoria']
73,1,102,0.0,0.16129032258064516,1.0,0.25806451612903225,0.12903225806451613,0.6451612903225806,0.3225806451612903,0.06451612903225806,0.12903225806451613,0.5806451612903226,10.2,2.284313725490196,27655.70588235294,4.676470588235294,0.5294117647058824,0.4341658885776532,0.1160511717313188,eThekwini,['Education'],['Court hearing'],['Disrupt'],['Political Party'],['Tertiary Edu'],"['Crowd weapons', 'Police weapons']",[],"['Movements', 'Special Keywords']",['Exhibitions'],['University of Pretoria']
74,0,6,1.0,0.4,0.0,0.0,0.0,0.0,0.2,0.2,0.4,0.0,1.1,0.16666666666666666,3525.5,0.0,0.0,0.0,0.0,eThekwini,"['Conditions', 'Housing']",[],['Gathering'],[],"['Tertiary Edu', 'School']",[],[],[],['Election campaigns'],[]
75,1,88,0.46153846153846156,1.0,0.3076923076923077,0.038461538461538464,0.11538461538461539,0.6153846153846154,0.4230769230769231,0.2692307692307692,0.3076923076923077,0.3076923076923077,10.0,3.034090909090909,18826.113636363636,7.386363636363637,0.9204545454545454,0.3573328796624251,0.09862365282287157,eThekwini,['Education'],['Arrests'],['Disrupt'],['Political Party'],['Tertiary Edu'],"['Police weapons', 'Crowd projectiles']",['Police attack'],['Special Keywords'],['Election debates'],['University of Pretoria']
76,1,109,0.16129032258064516,1.0,0.25806451612903225,0.12903225806451613,0.6451612903225806,0.3225806451612903,0.06451612903225806,0.12903225806451613,0.5806451612903226,0.3870967741935484,11.4,2.532110091743119,28873.770642201835,5.871559633027523,0.5963302752293578,0.43415792922673657,0.09314598309437758,eThekwini,['Education'],['Court hearing'],['Disrupt'],['Political Party'],['Tertiary Edu'],"['Crowd weapons', 'Police weapons']",['Police attack'],"['Movements', 'Special Keywords']",['Exhibitions'],['University of Pretoria']
77,0,18,0.3333333333333333,0.6666666666666666,0.16666666666666666,1.0,0.16666666666666666,0.16666666666666666,0.0,0.16666666666666666,0.3333333333333333,0.3333333333333333,2.0,1.6111111111111112,12900.888888888889,7.111111111111111,0.5555555555555556,0.42440843621399177,0.13215722035166483,eThekwini,['Education'],['Arrests'],"['Gathering', 'March']",['Political Party'],['Tertiary Edu'],['Crowd projectiles'],[],[],['Election campaigns'],"['Stellenbosh University', 'University of Pretoria', 'Rhodes University']"
78,1,76,0.1875,1.0,0.6875,0.4375,0.5,0.5,0.125,0.1875,0.3125,1.0,7.9,2.973684210526316,18371.684210526317,5.697368421052632,0.7368421052631579,0.4091496417812207,0.09840853514784435,eThekwini,['Education'],['Arrests'],['Gathering'],['Political Party'],['Tertiary Edu'],"['Police weapons', 'Crowd weapons', 'Crowd projectiles']",[],['Special Keywords'],[],['University of Pretoria']
79,0,9,0.3333333333333333,0.0,0.3333333333333333,0.0,0.0,0.3333333333333333,0.6666666666666666,0.6666666666666666,0.0,1.0,1.0,1.4444444444444444,4894.222222222223,0.3333333333333333,0.0,0.3801851851851852,0.10546296296296295,eThekwini,[],[],"['Lock-out', 'Disrupt']",[],"['Informal area', 'Tertiary Edu']",[],[],[],['Election campaigns'],"['University of Kwazulu Natal', 'University of Pretoria', 'Rhodes University', 'Stellenbosh University', 'Central University of Technology']"
80,0,95,0.11538461538461539,0.38461538461538464,0.3076923076923077,0.46153846153846156,1.0,0.3076923076923077,0.038461538461538464,0.11538461538461539,0.6153846153846154,0.4230769230769231,9.8,2.5789473684210527,15814.168421052631,5.484210526315789,0.7894736842105263,0.3784095212779424,0.10205871449456975,eThekwini,['Education'],['Arrests'],['Disrupt'],['Political Party'],['Tertiary Edu'],['Crowd projectiles'],['Police attack'],['Special Keywords'],['Election debates'],['University of Pretoria']
81,0,19,0.0,1.0,0.0,0.75,0.25,0.5,0.5,1.0,0.5,0.25,1.9,0.42105263157894735,98040.42105263157,0.9473684210526315,0.10526315789473684,0.0,0.0,eThekwini,"['Labour related', 'Services A', 'Police', 'Education']","['Working conditions', 'Arrests', 'Crime Event']",['Disrupt'],['Political Party'],['Tertiary Edu'],[],[],['Special Keywords'],"['Election campaigns', 'Exhibitions']",['University of Pretoria']
82,0,10,0.3333333333333333,0.3333333333333333,0.6666666666666666,1.0,0.3333333333333333,0.0,0.6666666666666666,0.0,0.0,0.3333333333333333,1.1,0.2,9130.8,0.6,0.2,0.52,0.0925,eThekwini,"['Traditional governance', 'Housing', 'Education']",['Court hearing'],['Attack'],['Political Party'],"['School', 'Court', 'Tertiary Edu']",[],[],['Special Keywords'],[],['University of Pretoria']
83,0,11,0.3333333333333333,0.0,0.3333333333333333,0.3333333333333333,0.3333333333333333,0.6666666666666666,1.0,0.3333333333333333,0.0,0.6666666666666666,1.2,0.2727272727272727,8045.272727272727,0.5454545454545454,0.18181818181818182,0.5606060606060607,0.07651515151515152,eThekwini,"['Traditional governance', 'Housing', 'Education', 'Values']",['Court hearing'],['Attack'],['Political Party'],['School'],[],[],['Special Keywords'],['16 Days of activism'],['University of Pretoria']
84,0,8,0.0,0.5,1.0,0.0,0.5,0.0,0.0,1.0,1.0,0.0,0.8,2.875,10569.875,6.875,1.0,0.3726273148148148,0.044965277777777764,eThekwini,['Values'],"['Court hearing', 'Crime Event']",['Disrupt'],['Political Party'],['Informal area'],['Police weapons'],[],[],"['Election days', '16 Days of activism']","['Stellenbosh University', 'University of Pretoria']"
85,0,16,0.6666666666666666,1.0,1.0,0.3333333333333333,0.3333333333333333,1.0,0.0,0.3333333333333333,0.3333333333333333,1.0,1.8,0.4375,9803.0625,1.125,0.125,0.22517361111111112,-0.03852588383838383,eThekwini,"['Mining', 'Judicial']",['Court hearing'],['Gathering'],"['Civic org', 'Political Party']",['Informal area'],['Police weapons'],[],['Special Keywords'],"['Other sport', 'Exhibitions']","['Stellenbosh University', 'University of Pretoria']"
86,0,4,1.0,0.0,0.0,0.0,1.0,0.0,1.0,1.0,1.0,0.0,0.5,1.5,3102.5,0.0,0.0,0.4,0.024999999999999994,eThekwini,[],[],['Gathering'],['Political Party'],[],[],[],['Special Keywords'],[],"['Stellenbosh University', 'University of Pretoria']"
87,1,61,1.0,0.5,0.1,0.2,0.9,0.6,0.6,0.15,0.0,0.0,8.1,3.4098360655737703,29177.93442622951,7.180327868852459,0.8032786885245902,0.4462047879260994,0.09205250507120384,eThekwini,['Education'],['Arrests'],['Disrupt'],"['Union', 'Political Party']",['Tertiary Edu'],"['Police weapons', 'Crowd weapons']",['Police attack'],[],['Exhibitions'],['University of Pretoria']
88,0,11,0.25,0.0,0.25,0.0,0.0,0.75,0.0,0.5,1.0,0.25,1.2,1.7272727272727273,9692.90909090909,1.0909090909090908,0.8181818181818182,0.2873556998556998,0.054906204906204896,eThekwini,['National govt'],['Project begin'],['Demonstration'],[],"['Tertiary Edu', 'School']",[],[],[],['Football matches'],['University of Pretoria']
89,0,7,0.0,1.0,0.5,0.0,0.5,0.0,0.5,0.0,0.5,0.5,0.7,0.2857142857142857,6575.714285714285,0.14285714285714285,0.0,0.6666666666666667,0.04345238095238097,eThekwini,['Education'],"['Wage disputes', 'Court hearing']",['Gathering'],[],"['School', 'Tertiary Edu']",[],[],['Special Keywords'],"['16 Days of activism', 'Football matches', 'Other sport', 'Election days']",['University of Pretoria']
90,0,7,0.0,1.0,0.0,0.5,0.5,0.0,0.0,0.0,1.0,0.5,0.7,1.0,13008.57142857143,1.2857142857142858,0.0,0.4431818181818182,-0.10216450216450215,eThekwini,[],[],['Gathering'],['Political Party'],"['Tertiary Edu', 'School']",[],[],[],[],['University of Pretoria']
91,1,87,0.0,0.11538461538461539,0.38461538461538464,0.3076923076923077,0.46153846153846156,1.0,0.3076923076923077,0.038461538461538464,0.11538461538461539,0.6153846153846154,8.7,2.4367816091954024,14418.885057471265,5.379310344827586,0.7586206896551724,0.3633015845372167,0.1078554609104178,eThekwini,['Education'],['Arrests'],['Disrupt'],['Political Party'],['Tertiary Edu'],"['Police weapons', 'Crowd projectiles']",['Police attack'],['Special Keywords'],['Election debates'],['University of Pretoria']
92,1,76,0.06451612903225806,0.0967741935483871,0.16129032258064516,0.5161290322580645,0.12903225806451613,0.16129032258064516,0.22580645161290322,0.0,0.16129032258064516,1.0,7.8,1.1710526315789473,16876.894736842107,2.1842105263157894,0.32894736842105265,0.4364597257031468,0.10939922209247867,eThekwini,['Education'],['Court hearing'],['Gathering'],['Political Party'],['Tertiary Edu'],['Police weapons'],[],"['Movements', 'Special Keywords']","['16 Days of activism', 'Exhibitions']",['University of Pretoria']
93,1,59,0.5,0.0625,0.1875,1.0,0.6875,0.4375,0.5,0.5,0.125,0.1875,6.7,3.5762711864406778,19546.677966101695,7.0,0.8983050847457628,0.41892883638646355,0.10726974140109734,eThekwini,['Education'],['Arrests'],['Disrupt'],"['Church', 'Political Party']",['Tertiary Edu'],"['Police weapons', 'Crowd weapons', 'Crowd projectiles']",[],['Special Keywords'],['Election debates'],['University of Pretoria']
94,0,9,1.0,1.0,0.5,0.5,0.0,0.5,1.0,0.0,0.5,0.5,1.1,0.0,2492.6666666666665,0.4444444444444444,0.2222222222222222,0.41851851851851857,0.20509259259259258,eThekwini,"['Electricity', 'Community recognition', 'Education', 'Conditions']","['Utility connections', 'Crime Event']",[],['Civic org'],['School'],[],[],[],"['Football matches', 'Other sport']",['University of Pretoria']
95,1,55,0.1111111111111111,0.2222222222222222,1.0,0.6666666666666666,0.6666666666666666,0.16666666666666666,0.0,0.0,0.1111111111111111,0.2222222222222222,5.7,2.8545454545454545,31452.072727272727,7.781818181818182,0.7272727272727273,0.4613446368446368,0.10063621059075603,eThekwini,['Education'],['Arrests'],['Disrupt'],"['Union', 'Political Party']",['Tertiary Edu'],"['Crowd projectiles', 'Police weapons', 'Crowd weapons']",['Police attack'],[],['Exhibitions'],['University of Pretoria']
96,0,9,0.5,0.5,0.5,0.5,0.0,1.0,0.5,0.5,0.0,1.0,1.0,0.3333333333333333,3786.4444444444443,0.1111111111111111,0.0,0.47716049382716047,0.22901234567901238,eThekwini,['Education'],['Working conditions'],"['Gathering', 'Attack']",[],['Tertiary Edu'],[],[],['Special Keywords'],['Election days'],"['Stellenbosh University', 'University of Pretoria', 'University of Kwazulu Natal']"
97,0,6,0.0,0.5,0.0,0.0,0.5,0.0,1.0,0.0,0.5,0.5,0.6,7.166666666666667,2321.5,1.1666666666666667,0.8333333333333334,0.19999999999999998,-0.05833333333333333,eThekwini,[],['Court hearing'],['Gathering'],['Political Party'],['School'],[],[],[],[],"['University of Pretoria', 'Rhodes University']"
98,1,87,0.16129032258064516,0.22580645161290322,0.0,0.16129032258064516,1.0,0.25806451612903225,0.12903225806451613,0.6451612903225806,0.3225806451612903,0.06451612903225806,9.2,1.9885057471264367,19398.908045977012,4.045977011494253,0.4827586206896552,0.4239272030651341,0.1052054514770032,eThekwini,['Education'],['Court hearing'],"['Disrupt', 'March']",['Political Party'],['Tertiary Edu'],['Police weapons'],[],"['Movements', 'Special Keywords']",['Exhibitions'],"['Stellenbosh University', 'University of Pretoria']"
99,1,9,0.5,0.5,0.5,0.5,1.0,0.5,0.0,0.0,1.0,0.5,1.0,0.1111111111111111,3782.5555555555557,0.0,0.0,0.29367283950617284,-0.08105709876543209,eThekwini,"['Education', 'National govt', 'Foreigners']","['Arrests', 'Crime Event', 'Court hearing']","['March', 'Attack', 'Lock-out', 'Disrupt']",['Political Party'],"['Tertiary Edu', 'School']",[],[],[],['Election campaigns'],"['University of Pretoria', 'Rhodes University']"
100,0,7,0.5,1.0,0.0,0.0,0.5,0.5,0.5,1.0,0.0,0.0,0.8,2.2857142857142856,1621.142857142857,1.0,0.2857142857142857,0.18333333333333332,0.16375325520833334,eThekwini,"['Education', 'International Solidarity']","['Arrests', 'Working conditions']",[],[],['School'],[],[],[],['Funerals'],['University of Pretoria']
101,1,64,1.0,0.6875,0.4375,0.5,0.5,0.125,0.1875,0.3125,1.0,0.25,8.0,2.640625,18470.03125,5.921875,0.53125,0.420791583994709,0.11669345754794973,eThekwini,['Education'],['Arrests'],['Gathering'],['Political Party'],['Tertiary Edu'],"['Police weapons', 'Crowd weapons', 'Crowd projectiles']",[],['Special Keywords'],[],['University of Pretoria']
102,1,587,0.13013698630136986,0.15753424657534246,0.08904109589041095,0.1095890410958904,0.7465753424657534,1.0,0.821917808219178,0.589041095890411,0.363013698630137,0.14383561643835616,60.6,1.9045996592844974,75260.58773424191,2.7887563884156727,0.3287904599659284,0.36388972446255236,0.06687528184360594,City of Johannesburg,['Education'],['Arrests'],['Gathering'],['Political Party'],['Tertiary Edu'],['Police weapons'],['Police attack'],['Special Keywords'],['Election campaigns'],['University of Pretoria']
103,1,445,0.6091954022988506,0.2413793103448276,0.4827586206896552,1.0,0.5057471264367817,1.0,0.6436781609195402,0.5517241379310345,0.2988505747126437,0.39080459770114945,49.8,1.9191011235955056,38691.512359550565,2.0831460674157305,0.3101123595505618,0.41128457934075907,0.09630155715461193,City of Tshwane,['Education'],['Arrests'],['Gathering'],['Political Party'],['Tertiary Edu'],['Police weapons'],['Police attack'],['Special Keywords'],['Election days'],['University of Pretoria']
104,1,165,0.22580645161290322,1.0,0.7419354838709677,0.3548387096774194,0.5806451612903226,0.3548387096774194,0.6451612903225806,0.5483870967741935,0.7419354838709677,0.3548387096774194,17.2,0.7636363636363637,78275.52121212121,1.0424242424242425,0.3090909090909091,0.42382345642572916,0.09174746381564565,City of Tshwane,['Education'],['Working conditions'],"['Gathering', 'Disrupt']",['Political Party'],['Tertiary Edu'],['Police weapons'],['Police attack'],['Special Keywords'],['Election campaigns'],['University of Pretoria']
105,1,606,0.15753424657534246,0.08904109589041095,0.1095890410958904,0.7465753424657534,1.0,0.821917808219178,0.589041095890411,0.363013698630137,0.14383561643835616,0.2876712328767123,62.9,1.9158415841584158,76756.15511551154,2.8564356435643563,0.3333333333333333,0.3619736217364105,0.05838434306075602,City of Johannesburg,['Education'],['Arrests'],['Disrupt'],['Political Party'],['Tertiary Edu'],['Police weapons'],['Police attack'],['Special Keywords'],['Election campaigns'],['University of Pretoria']
106,1,659,0.23026315789473684,1.0,0.631578947368421,0.5657894736842105,0.6052631578947368,0.34210526315789475,0.20394736842105263,0.26973684210526316,0.35526315789473684,0.3618421052631579,69.4,1.9165402124430957,56002.49468892261,4.007587253414264,0.5963581183611533,0.4418663932664312,0.09371571858844241,City of Johannesburg,['Education'],['Arrests'],"['Gathering', 'Disrupt']",['Political Party'],['Tertiary Edu'],['Police weapons'],['Police attack'],['Special Keywords'],['Election days'],['University of the Witwatersrand']
107,1,661,0.3684210526315789,0.3092105263157895,0.4868421052631579,0.17763157894736842,0.23026315789473684,1.0,0.631578947368421,0.5657894736842105,0.6052631578947368,0.34210526315789475,71.7,1.9046898638426626,56495.78214826021,3.7866868381240546,0.5385779122541604,0.44018394766409136,0.08775002883455985,City of Johannesburg,['Education'],['Arrests'],['Gathering'],['Political Party'],['Tertiary Edu'],['Police weapons'],['Police attack'],['Special Keywords'],['Election days'],['University of the Witwatersrand']
108,1,639,0.17763157894736842,0.23026315789473684,1.0,0.631578947368421,0.5657894736842105,0.6052631578947368,0.34210526315789475,0.20394736842105263,0.26973684210526316,0.35526315789473684,66.6,1.8810641627543037,49997.36932707355,3.9546165884194053,0.5852895148669797,0.4381140971342458,0.0954112280303595,City of Johannesburg,['Education'],['Arrests'],['Gathering'],['Political Party'],['Tertiary Edu'],['Police weapons'],['Police attack'],['Special Keywords'],['Election days'],['University of the Witwatersrand']
109,1,618,0.200836820083682,0.1087866108786611,0.14225941422594143,0.33472803347280333,1.0,0.23430962343096234,0.19665271966527198,0.30962343096234307,0.11297071129707113,0.14644351464435146,66.6,2.1812297734627832,42673.2071197411,3.588996763754045,0.4190938511326861,0.4215048276142532,0.11253428344548894,City of Johannesburg,['Education'],['Arrests'],['Gathering'],['Political Party'],['Tertiary Edu'],['Police weapons'],['Police attack'],['Special Keywords'],['Election days'],['University of the Witwatersrand']
110,0,121,0.0,0.0,0.3181818181818182,0.5909090909090909,0.6363636363636364,0.6818181818181818,1.0,0.5454545454545454,1.0,0.7272727272727273,12.1,0.3884297520661157,26253.00826446281,0.49586776859504134,0.23140495867768596,0.0,0.0,City of Tshwane,['Education'],['Arrests'],['Gathering'],['Political Party'],['Tertiary Edu'],['Police weapons'],[],['Special Keywords'],['Election campaigns'],['University of Pretoria']
111,0,181,0.5652173913043478,0.2391304347826087,0.2826086956521739,0.2826086956521739,0.34782608695652173,0.41304347826086957,0.717391304347826,1.0,0.2391304347826087,0.41304347826086957,20.7,2.8121546961325965,28811.10497237569,1.7403314917127073,0.4530386740331492,0.3670097947376953,0.05242960509794073,City of Tshwane,['Housing'],['Court hearing'],['March'],['Political Party'],['School'],['Police weapons'],['Police attack'],['Special Keywords'],['Funerals'],['University of Pretoria']
112,1,660,0.36401673640167365,0.23430962343096234,0.200836820083682,0.1087866108786611,0.14225941422594143,0.33472803347280333,1.0,0.23430962343096234,0.19665271966527198,0.30962343096234307,74.7,2.1378787878787877,42761.065151515155,3.41969696969697,0.4121212121212121,0.4237178736316994,0.11283975623843048,City of Johannesburg,['Education'],['Arrests'],['Gathering'],['Political Party'],['Tertiary Edu'],['Police weapons'],['Police attack'],['Special Keywords'],['Election days'],['University of the Witwatersrand']
113,1,175,0.42857142857142855,0.40816326530612246,0.2653061224489796,0.16326530612244897,0.1836734693877551,1.0,0.5510204081632653,0.30612244897959184,0.2857142857142857,0.40816326530612246,19.6,1.0742857142857143,39942.525714285715,1.8571428571428572,0.30857142857142855,0.3699973510616368,0.06840767088401017,City of Tshwane,['Education'],['Court hearing'],['Gathering'],['Political Party'],['Tertiary Edu'],['Police weapons'],['Police attack'],['Special Keywords'],['Election campaigns'],['University of Pretoria']
114,1,442,0.45054945054945056,0.5934065934065934,0.6043956043956044,1.0,0.7472527472527473,0.5494505494505495,0.34065934065934067,0.26373626373626374,0.3076923076923077,0.45054945054945056,48.3,2.1018099547511313,69042.99547511312,3.0542986425339365,0.5135746606334841,0.424846982538159,0.08323728987515752,City of Johannesburg,['Education'],['Court hearing'],['Disrupt'],['Political Party'],['Tertiary Edu'],['Police weapons'],['Police attack'],['Special Keywords'],"['Other sport', 'Election campaigns']",['University of Pretoria']
115,0,131,0.75,0.35,0.7,0.85,0.9,0.7,0.65,0.4,1.0,1.0,14.6,2.4732824427480917,55073.49618320611,1.6641221374045803,0.48854961832061067,0.29592835387682714,0.030089154907857192,City of Tshwane,"['Mining', 'Education']",['Court hearing'],['Gathering'],['Political Party'],['School'],['Police weapons'],[],['Special Keywords'],['Exhibitions'],['University of Pretoria']
116,0,181,0.7777777777777778,0.6111111111111112,0.6111111111111112,0.2777777777777778,0.3333333333333333,0.3888888888888889,1.0,0.75,0.6666666666666666,0.3888888888888889,20.9,1.8011049723756907,50541.0773480663,1.6353591160220995,0.287292817679558,0.40056670028355107,0.11571840104212343,City of Tshwane,['Education'],['Court hearing'],['Attack'],['Political Party'],['Tertiary Edu'],['Police weapons'],['Police attack'],['Special Keywords'],['Election days'],['University of Pretoria']
117,1,171,0.8275862068965517,0.9655172413793104,0.4827586206896552,0.3793103448275862,0.5172413793103449,0.4827586206896552,0.7241379310344828,0.6896551724137931,1.0,0.6551724137931034,19.5,2.2046783625730995,36236.02923976608,3.801169590643275,0.7953216374269005,0.3616573384921338,0.08933177500428963,City of Tshwane,['Education'],['Court hearing'],['Gathering'],['Political Party'],['School'],['Police weapons'],[],['Special Keywords'],['Exhibitions'],['University of Pretoria']
118,1,612,0.4868421052631579,0.17763157894736842,0.23026315789473684,1.0,0.631578947368421,0.5657894736842105,0.6052631578947368,0.34210526315789475,0.20394736842105263,0.26973684210526316,68.6,1.9542483660130718,53173.76633986928,4.062091503267974,0.5882352941176471,0.4407734985829348,0.09822799904192878,City of Johannesburg,['Education'],['Arrests'],['Gathering'],['Political Party'],['Tertiary Edu'],['Police weapons'],['Police attack'],['Special Keywords'],['Election days'],['University of the Witwatersrand']
119,0,184,0.5384615384615384,0.6153846153846154,0.9230769230769231,0.6153846153846154,0.6923076923076923,0.8076923076923077,0.8846153846153846,0.9615384615384616,0.5769230769230769,1.0,19.8,0.6195652173913043,35223.483695652176,0.842391304347826,0.19021739130434784,0.3282795133610351,0.04337518469227029,City of Tshwane,"['Education', 'Demolitions']",['Court hearing'],['Gathering'],['Political Party'],['Tertiary Edu'],['Police weapons'],[],['Special Keywords'],['Exhibitions'],['University of Pretoria']
120,0,160,0.3170731707317073,0.36585365853658536,0.3170731707317073,0.17073170731707318,0.2682926829268293,0.4146341463414634,0.3902439024390244,0.5365853658536586,1.0,0.43902439024390244,17.3,0.4625,19940.3,0.675,0.25,0.0,0.0,City of Tshwane,['Education'],['Court hearing'],['Gathering'],['Political Party'],['Tertiary Edu'],['Police weapons'],[],['Special Keywords'],['Election campaigns'],['University of Pretoria']
121,1,181,1.0,0.9166666666666666,0.5833333333333334,0.1111111111111111,0.2777777777777778,0.3888888888888889,0.75,0.7777777777777778,0.6111111111111112,0.6111111111111112,21.7,2.0110497237569063,40559.812154696134,1.4861878453038675,0.36464088397790057,0.3601185981759186,0.07985781976234323,City of Tshwane,['Education'],['Court hearing'],['Disrupt'],['Political Party'],['Tertiary Edu'],['Police weapons'],['Police attack'],['Special Keywords'],['Funerals'],['University of Pretoria']
122,0,132,0.8095238095238095,0.42857142857142855,0.8095238095238095,0.8095238095238095,1.0,0.8571428571428571,0.47619047619047616,0.7142857142857143,0.47619047619047616,0.7142857142857143,14.9,11.386363636363637,73800.31818181818,3.4015151515151514,0.6742424242424242,0.3393256291267655,0.04995599255542438,City of Tshwane,['Values'],['Court hearing'],['Gathering'],['Political Party'],['School'],"['Crowd projectiles', 'Police weapons']",[],['Movements'],['16 Days of activism'],['University of Pretoria']
123,0,177,0.4883720930232558,0.4883720930232558,0.3488372093023256,1.0,0.6511627906976745,0.18604651162790697,0.3488372093023256,0.2558139534883721,0.5348837209302325,0.3023255813953488,19.8,5.237288135593221,48549.463276836155,2.401129943502825,0.7005649717514124,0.38047503422503426,0.07617215431304415,City of Tshwane,['Education'],['Court hearing'],['Gathering'],['Political Party'],['Tertiary Edu'],['Police weapons'],['Police attack'],['Special Keywords'],['Taxi violence'],['University of Pretoria']
124,0,152,0.42857142857142855,0.4642857142857143,0.6785714285714286,0.6071428571428571,0.5357142857142857,0.32142857142857145,0.42857142857142855,0.5357142857142857,0.8571428571428571,1.0,16.4,1.1644736842105263,41020.91447368421,1.4473684210526316,0.375,0.35104663093972305,0.04394499704121415,City of Tshwane,"['Electricity', 'Police']",['Utility connections'],['Disrupt'],['Political Party'],['School'],"['Crowd projectiles', 'Police weapons']",[],['Special Keywords'],['Election days'],['University of Pretoria']
125,0,138,1.0,1.0,0.7777777777777778,0.8333333333333334,0.8333333333333334,0.7777777777777778,0.7222222222222222,1.0,1.0,0.7222222222222222,15.6,1.108695652173913,49999.159420289856,1.0869565217391304,0.2318840579710145,0.3372325567615423,0.0543788218080564,City of Tshwane,['Education'],['Court hearing'],"['Gathering', 'Disrupt']",['Political Party'],['School'],['Police weapons'],[],['Special Keywords'],['Election campaigns'],['University of Pretoria']
126,0,161,0.9032258064516129,0.22580645161290322,1.0,0.7419354838709677,0.3548387096774194,0.5806451612903226,0.3548387096774194,0.6451612903225806,0.5483870967741935,0.7419354838709677,18.9,0.8633540372670807,80065.63354037267,1.0993788819875776,0.3416149068322981,0.4136700019269895,0.08776137596013373,City of Tshwane,['Education'],['Working conditions'],"['Disrupt', 'Gathering', 'Attack']",['Political Party'],['Tertiary Edu'],['Police weapons'],['Police attack'],['Special Keywords'],['Election campaigns'],['University of Pretoria']
127,0,146,0.7,0.85,0.9,0.7,0.65,0.4,1.0,1.0,0.85,0.95,16.0,5.287671232876712,45403.67808219178,5.390410958904109,0.7123287671232876,0.2733898550080057,0.02504477875625136,City of Tshwane,"['Education', 'Mining']",['Court hearing'],['Gathering'],['Political Party'],['School'],['Police weapons'],['Police attack'],['Special Keywords'],"['Exhibitions', 'Election campaigns']",['University of Pretoria']
128,0,686,0.7465753424657534,1.0,0.821917808219178,0.589041095890411,0.363013698630137,0.14383561643835616,0.2876712328767123,0.5958904109589042,0.3013698630136986,0.5958904109589042,79.5,1.7959183673469388,68629.527696793,2.577259475218659,0.31924198250728864,0.3824678127320256,0.07061669805349195,City of Johannesburg,['Education'],['Arrests'],['Disrupt'],['Political Party'],['Tertiary Edu'],['Police weapons'],['Police attack'],['Special Keywords'],['Election campaigns'],['University of Pretoria']
129,0,106,0.8823529411764706,0.35294117647058826,0.8235294117647058,0.5882352941176471,0.8235294117647058,0.7647058823529411,0.8823529411764706,1.0,0.35294117647058826,0.6470588235294118,12.1,1.3773584905660377,49684.38679245283,1.5377358490566038,0.3490566037735849,0.39783680243585906,0.09303639069264069,City of Tshwane,['Mining'],['Court hearing'],['Gathering'],['Political Party'],['School'],['Police weapons'],[],['Special Keywords'],['Election campaigns'],['University of Pretoria']
130,0,220,0.5365853658536586,1.0,0.43902439024390244,0.21951219512195122,0.24390243902439024,0.3902439024390244,0.8536585365853658,0.8048780487804879,0.7317073170731707,0.6829268292682927,24.2,0.5909090909090909,51842.10909090909,1.018181818181818,0.1590909090909091,0.08335007542962089,0.008915600813328086,City of Tshwane,['Education'],['Arrests'],['Gathering'],['Political Party'],['Tertiary Edu'],['Police weapons'],[],['Special Keywords'],['Election campaigns'],['University of Pretoria']
131,0,464,0.9885057471264368,0.6091954022988506,0.2413793103448276,0.4827586206896552,1.0,0.5057471264367817,1.0,0.6436781609195402,0.5517241379310345,0.2988505747126437,55.0,2.351293103448276,51974.31465517241,2.7176724137931036,0.35560344827586204,0.4069237414684613,0.08537842529811146,City of Johannesburg,['Education'],['Arrests'],"['Gathering', 'Disrupt']",['Political Party'],['Tertiary Edu'],['Police weapons'],['Police attack'],['Special Keywords'],['Election days'],['University of Pretoria']
132,0,178,0.5348837209302325,0.3953488372093023,0.23255813953488372,0.3488372093023256,0.4883720930232558,0.4883720930232558,0.3488372093023256,1.0,0.6511627906976745,0.18604651162790697,20.1,4.904494382022472,54505.52247191011,2.398876404494382,0.6404494382022472,0.36152438853281543,0.07369174891120116,City of Tshwane,['Education'],['Arrests'],['Gathering'],['Political Party'],['Tertiary Edu'],['Police weapons'],[],['Special Keywords'],['Election campaigns'],['University of Pretoria']
133,0,179,1.0,0.6756756756756757,0.5945945945945946,0.16216216216216217,0.6756756756756757,0.43243243243243246,0.5135135135135135,0.8918918918918919,0.7297297297297297,0.16216216216216217,21.6,0.4972067039106145,42187.68715083799,0.9832402234636871,0.31843575418994413,0.0,0.0,City of Tshwane,['Mining'],['Court hearing'],['Disrupt'],['Political Party'],['Tertiary Edu'],"['Crowd projectiles', 'Police weapons']",[],['Special Keywords'],['Election campaigns'],['University of Pretoria']
134,1,445,0.5714285714285714,0.34065934065934067,0.45054945054945056,0.5934065934065934,0.6043956043956044,1.0,0.7472527472527473,0.5494505494505495,0.34065934065934067,0.26373626373626374,49.7,1.8022471910112359,54030.14831460674,2.9685393258426966,0.5191011235955056,0.4371771535580524,0.09765852836821938,City of Johannesburg,['Education'],"['Court hearing', 'Arrests']",['Disrupt'],['Political Party'],['Tertiary Edu'],['Police weapons'],['Police attack'],['Special Keywords'],['Election campaigns'],['University of Pretoria']
135,1,149,1.0,0.7419354838709677,0.3548387096774194,0.5806451612903226,0.3548387096774194,0.6451612903225806,0.5483870967741935,0.7419354838709677,0.3548387096774194,0.4838709677419355,18.0,0.912751677852349,66984.93288590603,1.2684563758389262,0.30201342281879195,0.42060715617343136,0.08378795142217961,City of Tshwane,['Education'],"['Arrests', 'Working conditions']","['Attack', 'Gathering']",['Political Party'],['Tertiary Edu'],['Police weapons'],['Police attack'],['Special Keywords'],['Election campaigns'],['University of Pretoria']
136,0,102,1.0,0.3333333333333333,0.5416666666666666,0.3333333333333333,0.4583333333333333,0.75,0.5416666666666666,0.6666666666666666,0.25,0.375,12.6,0.7647058823529411,24437.196078431374,0.8627450980392157,0.2549019607843137,0.397774447321016,0.09968733771391554,City of Tshwane,"['Electricity', 'Values', 'Mining']",['Court hearing'],['Gathering'],['Political Party'],['School'],['Police weapons'],['Police attack'],['Special Keywords'],"['Other sport', 'Election campaigns', '16 Days of activism']",['University of Pretoria']
137,0,218,0.2549019607843137,0.4117647058823529,0.4117647058823529,1.0,0.7647058823529411,0.6274509803921569,0.39215686274509803,0.17647058823529413,0.21568627450980393,0.27450980392156865,23.1,1.1192660550458715,66442.1743119266,1.5963302752293578,0.24311926605504589,0.4151507208387943,0.1156236006443862,City of Tshwane,['Mining'],['Court hearing'],['Disrupt'],['Political Party'],['Tertiary Edu'],['Police weapons'],[],['Special Keywords'],['Other sport'],['University of Pretoria']
138,1,631,0.23430962343096234,0.200836820083682,0.1087866108786611,0.14225941422594143,0.33472803347280333,1.0,0.23430962343096234,0.19665271966527198,0.30962343096234307,0.11297071129707113,68.7,2.198098256735341,42741.6148969889,3.543581616481775,0.4215530903328051,0.42266654975153395,0.11455050419293683,City of Johannesburg,['Education'],"['Utility connections', 'Arrests']",['Gathering'],['Political Party'],['Tertiary Edu'],['Police weapons'],['Police attack'],['Special Keywords'],['Election days'],['University of the Witwatersrand']
139,1,585,0.11643835616438356,0.13013698630136986,0.15753424657534246,0.08904109589041095,0.1095890410958904,0.7465753424657534,1.0,0.821917808219178,0.589041095890411,0.363013698630137,60.2,1.3367521367521367,70860.83247863248,2.417094017094017,0.30427350427350425,0.36341929651545035,0.06857764834287271,City of Johannesburg,['Education'],['Arrests'],['Gathering'],['Political Party'],['Tertiary Edu'],['Police weapons'],['Police attack'],['Special Keywords'],['Election campaigns'],['University of Pretoria']
140,1,442,0.34065934065934067,0.45054945054945056,0.5934065934065934,0.6043956043956044,1.0,0.7472527472527473,0.5494505494505495,0.34065934065934067,0.26373626373626374,0.3076923076923077,47.3,1.990950226244344,60494.244343891405,3.2058823529411766,0.5452488687782805,0.4356915056620939,0.09573640024191495,City of Johannesburg,['Education'],['Court hearing'],"['Disrupt', 'Gathering']",['Political Party'],['Tertiary Edu'],['Police weapons'],['Police attack'],['Special Keywords'],['Election campaigns'],['University of Pretoria']
141,0,111,0.4444444444444444,0.2777777777777778,0.8333333333333334,0.3888888888888889,0.7777777777777778,0.9444444444444444,1.0,0.7777777777777778,0.7222222222222222,0.4444444444444444,11.9,2.135135135135135,61461.53153153153,1.5765765765765767,0.3963963963963964,0.3401393438893438,0.04424901971776971,City of Tshwane,['Education'],['Court hearing'],['Gathering'],['Political Party'],['School'],['Police weapons'],[],['Special Keywords'],['Exhibitions'],['University of Pretoria']
142,0,144,0.3333333333333333,0.875,1.0,0.5,0.5,0.5833333333333334,0.4166666666666667,0.5,0.75,0.875,15.2,0.8958333333333334,59541.895833333336,1.4652777777777777,0.3402777777777778,0.3389167731702454,0.0007521844153788639,City of Tshwane,['Education'],['Dismissals'],['Gathering'],['Political Party'],['Tertiary Edu'],['Police weapons'],['Police attack'],['Special Keywords'],['Election campaigns'],['University of Pretoria']
143,1,645,0.3092105263157895,0.4868421052631579,0.17763157894736842,0.23026315789473684,1.0,0.631578947368421,0.5657894736842105,0.6052631578947368,0.34210526315789475,0.20394736842105263,69.2,1.9472868217054264,56037.6,3.936434108527132,0.5364341085271318,0.44149505063555444,0.09349697184096409,City of Johannesburg,['Education'],['Arrests'],['Gathering'],['Political Party'],['Tertiary Edu'],['Police weapons'],['Police attack'],['Special Keywords'],['Election days'],['University of the Witwatersrand']
144,1,332,1.0,0.7472527472527473,0.5494505494505495,0.34065934065934067,0.26373626373626374,0.3076923076923077,0.45054945054945056,0.3956043956043956,0.3626373626373626,0.23076923076923078,42.3,2.2680722891566263,66336.7530120482,2.8734939759036147,0.4879518072289157,0.40967817029300463,0.07985694618300042,City of Johannesburg,['Education'],['Court hearing'],['Disrupt'],['Political Party'],['Tertiary Edu'],['Police weapons'],['Police attack'],['Special Keywords'],['Funerals'],['University of Pretoria']
145,1,268,1.0,0.7352941176470589,0.45588235294117646,0.35294117647058826,0.4117647058823529,0.6029411764705882,0.5294117647058824,0.4852941176470588,0.3088235294117647,0.058823529411764705,33.6,2.3022388059701493,60714.78358208955,2.485074626865672,0.43656716417910446,0.39287793603232035,0.07024516430743111,City of Johannesburg,['Education'],['Court hearing'],['Disrupt'],['Political Party'],['Tertiary Edu'],['Police weapons'],['Police attack'],"['Special Keywords', 'Movements']",['Funerals'],['University of Pretoria']
146,0,214,0.6829268292682927,1.0,0.8780487804878049,0.8048780487804879,0.5121951219512195,0.0975609756097561,0.24390243902439024,0.34146341463414637,0.6585365853658537,0.6829268292682927,24.2,2.322429906542056,59087.80841121495,1.925233644859813,0.397196261682243,0.35904693210475924,0.05757700292308937,City of Tshwane,['Education'],['Court hearing'],['Disrupt'],['Political Party'],['Tertiary Edu'],['Police weapons'],[],['Special Keywords'],['Funerals'],['University of Pretoria']
147,1,524,1.0,0.7166666666666667,0.44166666666666665,0.175,0.35,0.725,0.36666666666666664,0.725,0.4666666666666667,0.4,64.4,2.116412213740458,57857.158396946565,2.622137404580153,0.3187022900763359,0.4082657587500145,0.08401749997930222,City of Johannesburg,['Education'],['Arrests'],['Gathering'],['Political Party'],['Tertiary Edu'],['Police weapons'],['Police attack'],['Special Keywords'],"['Election days', 'Election campaigns']",['University of Pretoria']
148,1,81,0.13043478260869565,0.0,0.13043478260869565,0.6521739130434783,1.0,0.6086956521739131,0.5217391304347826,0.391304347826087,0.17391304347826086,0.043478260869565216,8.4,5.753086419753086,28668.345679012345,7.469135802469136,0.7283950617283951,0.3521072274775979,0.08326526397128248,Cacadu,['Education'],['Court hearing'],['Disrupt'],['Political Party'],['Tertiary Edu'],['Police weapons'],['Police attack'],"['Movements', 'Special Keywords']","['Election campaigns', '16 Days of activism', 'Exhibitions']",['Rhodes University']
149,1,95,0.13043478260869565,0.6521739130434783,1.0,0.6086956521739131,0.5217391304347826,0.391304347826087,0.17391304347826086,0.043478260869565216,0.2608695652173913,0.4782608695652174,9.8,5.010526315789473,33371.44210526316,6.473684210526316,0.631578947368421,0.35193996354522666,0.05735351161995899,Cacadu,['Education'],['Court hearing'],['Disrupt'],['Political Party'],['Tertiary Edu'],['Police weapons'],['Police attack'],"['Special Keywords', 'Movements']",['Exhibitions'],['Rhodes University']
150,0,42,0.23809523809523808,0.047619047619047616,0.09523809523809523,1.0,0.23809523809523808,0.19047619047619047,0.047619047619047616,0.23809523809523808,0.047619047619047616,0.09523809523809523,4.7,2.5238095238095237,3257.214285714286,1.380952380952381,0.30952380952380953,0.5033113533292105,0.20600097166391806,Cacadu,['Electricity'],['Utility connections'],['Gathering'],['Political Party'],['Tertiary Edu'],['Police weapons'],[],[],['16 Days of activism'],['Rhodes University']
151,0,16,0.0,0.16666666666666666,0.16666666666666666,0.3333333333333333,0.0,0.0,0.16666666666666666,1.0,0.5,0.3333333333333333,1.6,0.625,3791.9375,0.9375,0.1875,0.20580357142857142,0.03376116071428572,Cacadu,['Education'],['Court hearing'],['Gathering'],['Political Party'],['School'],[],[],[],"['16 Days of activism', 'Taxi violence']",['Rhodes University']
152,1,133,0.10869565217391304,0.34782608695652173,0.06521739130434782,0.08695652173913043,0.10869565217391304,0.30434782608695654,1.0,0.5434782608695652,0.32608695652173914,0.10869565217391304,13.8,1.368421052631579,18738.977443609023,4.398496240601504,0.43609022556390975,0.4246034051579165,0.10549763206718092,Nelson Mandela Bay,['Education'],['Arrests'],['Disrupt'],['Political Party'],['Tertiary Edu'],['Police weapons'],['Police attack'],['Special Keywords'],['Election campaigns'],['Rhodes University']
153,1,107,0.10526315789473684,0.02631578947368421,0.15789473684210525,0.2894736842105263,1.0,0.3157894736842105,0.2631578947368421,0.15789473684210525,0.07894736842105263,0.5263157894736842,11.1,3.8878504672897196,33282.13084112149,8.467289719626168,1.2616822429906542,0.3932895712802255,0.06515140557780745,Cacadu,['Education'],['Arrests'],['Gathering'],['Political Party'],['Tertiary Edu'],['Police weapons'],['Police attack'],['Special Keywords'],['Election days'],['Rhodes University']
154,1,127,0.34782608695652173,0.06521739130434782,0.08695652173913043,0.10869565217391304,0.30434782608695654,1.0,0.5434782608695652,0.32608695652173914,0.10869565217391304,0.21739130434782608,14.3,1.4094488188976377,13542.92125984252,4.338582677165355,0.4645669291338583,0.42255820295190377,0.09851217461453682,Nelson Mandela Bay,['Education'],['Arrests'],['Disrupt'],['Political Party'],['Tertiary Edu'],['Police weapons'],['Police attack'],['Special Keywords'],['Election campaigns'],['Rhodes University']
155,0,19,0.8,1.0,0.4,0.4,0.4,0.2,0.0,1.0,0.4,0.0,2.3,0.21052631578947367,44710.78947368421,0.8947368421052632,0.21052631578947367,0.0,0.0,Cacadu,[],[],['Gathering'],['Political Party'],"['Tertiary Edu', 'School']",[],[],[],['Election campaigns'],['Rhodes University']
156,0,41,0.0,0.09523809523809523,0.0,0.0,0.047619047619047616,0.09523809523809523,0.047619047619047616,0.2857142857142857,0.38095238095238093,1.0,4.1,1.7804878048780488,27322.780487804877,5.048780487804878,0.6585365853658537,0.4277314961461303,0.05381238341604196,Cacadu,['Education'],"['Project begin', 'Crime Event', 'Neoliberal logic']","['Gathering', 'Picket']",['Political Party'],['Tertiary Edu'],[],[],['Special Keywords'],['Election days'],['Rhodes University']
157,1,62,1.0,0.1875,0.125,0.1875,0.375,0.9375,0.5625,0.3125,1.0,0.1875,7.8,0.5161290322580645,17250.612903225807,1.5161290322580645,0.22580645161290322,0.4379916678303775,0.1342088802774287,Cacadu,['Education'],['Arrests'],['Disrupt'],['Political Party'],['Tertiary Edu'],['Police weapons'],['Police attack'],['Special Keywords'],['Exhibitions'],['Rhodes University']
158,1,93,0.15,1.0,0.95,0.8,0.15,0.1,0.15,0.3,0.75,0.45,9.6,0.5483870967741935,8959.21505376344,0.7741935483870968,0.23655913978494625,0.475417384288352,0.16809881893047218,Cacadu,['Education'],['Arrests'],['Disrupt'],['Political Party'],['Tertiary Edu'],['Police weapons'],['Police attack'],"['Special Keywords', 'Movements']",['Exhibitions'],['Rhodes University']
159,1,131,0.08695652173913043,0.10869565217391304,0.30434782608695654,1.0,0.5434782608695652,0.32608695652173914,0.10869565217391304,0.21739130434782608,0.15217391304347827,0.08695652173913043,13.5,1.4885496183206106,13013.053435114503,4.419847328244275,0.4732824427480916,0.4147632747871297,0.09196700855336351,Nelson Mandela Bay,['Education'],['Arrests'],['Disrupt'],['Political Party'],['Tertiary Edu'],['Police weapons'],['Police attack'],['Special Keywords'],['Election campaigns'],['Rhodes University']
160,1,53,0.5,1.0,0.7,0.4,0.9,0.9,0.6,0.4,0.1,0.3,5.8,0.660377358490566,34539.24528301887,1.3773584905660377,0.22641509433962265,0.414571540880503,0.075062893081761,Cacadu,['Education'],"['Court hearing', 'Arrests', 'Crime Event']",['Gathering'],['Political Party'],['Tertiary Edu'],['Police weapons'],['Police attack'],['Movements'],"['16 Days of activism', 'Funerals', 'Taxi violence']",['Rhodes University']
161,0,22,1.0,0.4166666666666667,0.4166666666666667,0.25,0.08333333333333333,0.16666666666666666,0.16666666666666666,0.16666666666666666,0.0,0.16666666666666666,3.4,3.6363636363636362,22207.81818181818,3.1363636363636362,0.45454545454545453,0.6227795815295816,0.21716450216450217,Cacadu,"['Foreigners', 'Mining', 'Police', 'Demolitions', 'Labour related', 'Conditions']",['Working conditions'],['March'],[],['School'],['Police weapons'],[],[],[],['Rhodes University']
162,0,7,1.0,0.2,0.4,0.2,0.0,0.0,0.2,0.0,0.2,0.2,1.2,0.2857142857142857,2447.714285714286,0.14285714285714285,0.2857142857142857,0.36726190476190473,0.11130952380952379,Cacadu,"['Housing', 'Education', 'Electricity', 'National govt']","['Court hearing', 'Utility connections', 'National Strike']","['Gathering', 'Picket', 'March']","['Political Party', 'Civic org', 'Union']","['School', 'Court', 'Tertiary Edu']",[],[],[],[],['Rhodes University']
163,0,11,0.0,0.0,0.5,0.0,0.0,0.5,0.0,0.25,1.0,0.5,1.1,0.6363636363636364,15991.727272727272,0.9090909090909091,1.0,0.21851010101010102,-0.10588383838383839,Cacadu,['Education'],['Wage disputes'],['Gathering'],['Political Party'],['School'],['Crowd weapons'],[],['Special Keywords'],[],['Rhodes University']
164,0,8,1.0,0.0,0.3333333333333333,0.3333333333333333,0.3333333333333333,0.3333333333333333,0.0,0.6666666666666666,0.0,0.6666666666666666,1.1,1.0,3040.5,0.125,0.0,0.17520214160839162,0.06910511363636361,Cacadu,"['Education', 'Mining']",[],['Attack'],[],"['Tertiary Edu', 'School']",[],[],[],[],['Rhodes University']
165,1,83,0.17391304347826086,0.13043478260869565,0.0,0.13043478260869565,0.6521739130434783,1.0,0.6086956521739131,0.5217391304347826,0.391304347826087,0.17391304347826086,8.7,5.614457831325301,28004.0,7.289156626506024,0.7108433734939759,0.3614272675116049,0.06599782789165319,Cacadu,['Education'],['Court hearing'],['Disrupt'],['Political Party'],['Tertiary Edu'],['Police weapons'],['Police attack'],"['Movements', 'Special Keywords']","['Election campaigns', '16 Days of activism', 'Exhibitions']",['Rhodes University']
166,0,19,0.6666666666666666,0.6666666666666666,0.16666666666666666,0.16666666666666666,0.16666666666666666,0.16666666666666666,0.16666666666666666,0.16666666666666666,1.0,0.5,2.3,3.5789473684210527,6355.736842105263,4.473684210526316,0.7368421052631579,0.3739766081871345,0.14009502923976608,Cacadu,['Education'],['Arrests'],['Gathering'],[],['Tertiary Edu'],[],['Police attack'],[],[],['Rhodes University']
167,1,87,0.0,0.13043478260869565,0.6521739130434783,1.0,0.6086956521739131,0.5217391304347826,0.391304347826087,0.17391304347826086,0.043478260869565216,0.2608695652173913,8.7,5.379310344827586,36052.057471264365,7.0,0.7011494252873564,0.3345768439733957,0.075655015881309,Cacadu,['Education'],['Court hearing'],['Disrupt'],['Political Party'],['Tertiary Edu'],['Police weapons'],['Police attack'],"['Special Keywords', 'Movements']","['Election campaigns', '16 Days of activism', 'Exhibitions']",['Rhodes University']
168,0,12,0.16666666666666666,0.0,0.16666666666666666,0.3333333333333333,0.0,0.3333333333333333,0.0,0.16666666666666666,1.0,0.0,1.3,11.25,5316.583333333333,4.75,0.5833333333333334,0.39762626262626255,0.14906565656565657,Cacadu,"['Values', 'Housing']",['Working conditions'],['Disrupt'],['Political Party'],['School'],[],[],[],"['16 Days of activism', 'Other sport']",['Rhodes University']
169,0,16,0.0,0.5,0.0,0.25,0.25,0.25,1.0,0.5,1.0,0.25,1.6,0.625,33437.625,0.8125,0.0625,0.2844184027777778,0.10041232638888889,Cacadu,['National govt'],['Court hearing'],['Gathering'],['Political Party'],['School'],[],[],['Special Keywords'],['Election campaigns'],['Rhodes University']
170,1,131,0.06521739130434782,0.08695652173913043,0.10869565217391304,0.30434782608695654,1.0,0.5434782608695652,0.32608695652173914,0.10869565217391304,0.21739130434782608,0.15217391304347827,13.4,1.366412213740458,13277.20610687023,4.206106870229007,0.44274809160305345,0.41525362678034433,0.09340493264157387,Nelson Mandela Bay,['Education'],['Arrests'],['Disrupt'],['Political Party'],['Tertiary Edu'],['Police weapons'],['Police attack'],['Special Keywords'],['Election campaigns'],['Rhodes University']
171,0,20,0.3333333333333333,0.6666666666666666,0.6666666666666666,0.16666666666666666,0.16666666666666666,0.16666666666666666,0.16666666666666666,0.16666666666666666,0.16666666666666666,1.0,2.2,3.25,3485.2,4.3,0.65,0.42652777777777784,0.1355902777777778,Cacadu,['Education'],"['Arrests', 'Project begin']",['Gathering'],[],['Tertiary Edu'],[],['Police attack'],[],[],['Rhodes University']
172,0,5,0.5,0.5,0.0,0.0,0.5,1.0,0.0,0.5,0.0,0.0,0.6,0.8,4416.6,0.6,0.2,0.5337500000000001,0.21375000000000002,Cacadu,['Contract end'],[],['Gathering'],['Political Party'],"['Tertiary Edu', 'School']",[],[],[],[],['Rhodes University']
173,0,6,0.5,1.0,0.5,0.0,0.0,0.5,0.0,0.5,0.5,0.0,0.7,0.16666666666666666,1899.5,0.0,0.16666666666666666,0.35625,0.09375,Cacadu,"['Housing', 'Education', 'Electricity']","['Court hearing', 'Utility connections']",['Gathering'],[],"['School', 'Court']",[],[],[],[],['Rhodes University']
174,1,63,0.1875,0.125,0.1875,0.375,0.9375,0.5625,0.3125,1.0,0.1875,0.25,6.6,0.5079365079365079,17964.68253968254,1.6031746031746033,0.2222222222222222,0.44867610343800823,0.13930962115485926,Cacadu,['Education'],['Arrests'],['Disrupt'],['Political Party'],['Tertiary Edu'],['Police weapons'],['Police attack'],['Special Keywords'],['Exhibitions'],['Rhodes University']
175,1,78,0.5,0.3,0.15,1.0,0.95,0.8,0.15,0.1,0.15,0.3,8.8,0.717948717948718,9930.910256410256,1.0,0.20512820512820512,0.4555784493284493,0.1597595835877086,Cacadu,['Education'],['Arrests'],['Disrupt'],['Political Party'],['Tertiary Edu'],[],['Police attack'],['Movements'],['Exhibitions'],['Rhodes University']
176,0,12,0.75,0.25,0.0,0.25,0.75,0.25,1.0,0.5,0.0,0.0,1.5,0.08333333333333333,25310.5,0.08333333333333333,0.25,0.0,0.0,Mangaung,['Mining'],[],['Attack'],['Political Party'],['Tertiary Edu'],[],[],[],['Election campaigns'],['Central University of Technology']
177,1,28,0.0,0.0,0.16666666666666666,1.0,0.8333333333333334,0.3333333333333333,1.0,0.5,0.8333333333333334,0.0,2.8,0.10714285714285714,3235.464285714286,0.7142857142857143,0.03571428571428571,0.3927128427128427,0.014123376623376625,Mangaung,['Education'],"['Project begin', 'Court hearing']",['Gathering'],[],['Tertiary Edu'],[],[],[],['Election campaigns'],['Central University of Technology']
178,1,28,0.16666666666666666,0.0,0.0,0.16666666666666666,1.0,0.8333333333333334,0.3333333333333333,1.0,0.5,0.8333333333333334,2.9,0.10714285714285714,3235.464285714286,0.7142857142857143,0.03571428571428571,0.3927128427128427,0.014123376623376625,Mangaung,['Education'],"['Project begin', 'Court hearing']",['Gathering'],[],['Tertiary Edu'],[],[],[],['Election campaigns'],['Central University of Technology']
179,0,6,1.0,0.0,1.0,0.0,0.5,0.5,0.0,1.0,0.0,0.0,0.8,0.8333333333333334,4270.666666666667,1.8333333333333333,0.16666666666666666,0.24583333333333335,0.16458333333333333,Mangaung,['Values'],[],['Attack'],[],['School'],[],[],[],['16 Days of activism'],['Central University of Technology']
180,0,10,0.25,0.25,0.0,0.0,0.25,0.0,1.0,0.5,0.5,0.0,1.1,0.0,1981.9,0.2,0.0,0.29814393939393946,0.06423473011363637,Mangaung,"['Electricity', 'Disaster response', 'Foreigners']",['Utility connections'],"['Lock-out', 'Disrupt', 'Gathering', 'Attack']",['Political Party'],['School'],[],[],[],[],['Central University of Technology']
181,0,10,0.6666666666666666,0.0,0.0,1.0,0.3333333333333333,1.0,0.6666666666666666,0.0,0.0,0.3333333333333333,1.2,0.7,2011.9,0.2,0.2,0.2841666666666666,0.07755042613636362,Mangaung,"['Education', 'Mining']",['Working conditions'],"['Lock-out', 'Disrupt', 'Gathering']",[],['School'],[],[],[],['Football matches'],['Central University of Technology']
182,0,9,0.5,0.5,1.0,1.0,0.0,0.5,0.5,0.5,0.0,0.5,1.0,0.5555555555555556,3569.5555555555557,1.2222222222222223,0.5555555555555556,0.20092592592592595,0.07305555555555555,Mangaung,[],[],['Attack'],['Political Party'],"['Business premises', 'Tertiary Edu', 'School']",[],[],[],['Other sport'],"['Central University of Technology', 'Stellenbosh University', 'University of Pretoria']"
183,1,28,0.0,0.16666666666666666,1.0,0.8333333333333334,0.3333333333333333,1.0,0.5,0.8333333333333334,0.0,0.0,2.8,0.10714285714285714,3235.464285714286,0.7142857142857143,0.03571428571428571,0.3927128427128427,0.014123376623376625,Mangaung,['Education'],"['Project begin', 'Court hearing']",['Gathering'],[],['Tertiary Edu'],[],[],[],['Election campaigns'],['Central University of Technology']
184,1,30,0.46153846153846156,0.23076923076923078,0.38461538461538464,0.0,0.0,1.0,0.23076923076923078,0.23076923076923078,0.07692307692307693,0.15384615384615385,3.6,0.3,4544.8,1.2333333333333334,0.16666666666666666,0.37365079365079357,-0.008055555555555554,Mangaung,['Education'],"['Court hearing', 'Working conditions']",['Gathering'],['Political Party'],['Tertiary Edu'],[],[],[],[],['Central University of Technology']
185,1,28,0.23076923076923078,0.38461538461538464,0.0,0.0,1.0,0.23076923076923078,0.23076923076923078,0.07692307692307693,0.15384615384615385,0.07692307692307693,3.1,0.35714285714285715,4346.821428571428,1.1785714285714286,0.17857142857142858,0.36938775510204075,0.05922619047619049,Mangaung,['Education'],"['Court hearing', 'Working conditions']",['Gathering'],['Political Party'],['Tertiary Edu'],[],[],[],[],['Central University of Technology']
186,0,8,0.6666666666666666,0.0,0.0,0.3333333333333333,0.3333333333333333,0.0,1.0,0.0,0.3333333333333333,0.6666666666666666,1.0,0.75,2025.5,0.125,0.125,0.0,0.0,Mangaung,['Education'],[],"['Gathering', 'Disrupt']",[],['Tertiary Edu'],[],[],[],['Other sport'],['Stellenbosh University']
187,1,26,0.375,0.25,0.0,0.125,0.125,1.0,0.5,0.5,0.125,0.625,2.9,0.5,2403.3846153846152,0.6153846153846154,0.11538461538461539,0.390655525030525,0.1509653540903541,Mangaung,['Education'],['Court hearing'],['Disrupt'],[],['Tertiary Edu'],[],[],['Movements'],[],['University of Pretoria']
188,0,2,0.0,0.0,0.0,1.0,0.0,0.0,0.0,1.0,0.0,0.0,0.2,0.0,1317.0,0.0,0.0,0.35,-0.3,Bojanala,[],['Court hearing'],[],[],"['School', 'Court']",[],[],[],[],[]
189,1,11,0.0,0.5,0.0,1.0,1.0,1.0,0.5,1.0,0.5,0.0,1.1,0.0,1345.090909090909,0.09090909090909091,0.0,0.3762626262626263,0.04040404040404041,Bojanala,['Education'],[],['Gathering'],['Political Party'],['Tertiary Edu'],[],[],['Special Keywords'],[],['University of Pretoria']
190,1,10,0.0,0.6666666666666666,0.0,0.0,0.0,0.0,0.6666666666666666,1.0,0.3333333333333333,0.6666666666666666,1.0,0.5,1526.4,0.3,0.0,0.45129629629629625,0.059398148148148165,Ngaka Modiri Molema,['Education'],"['Arrests', 'Project begin']",['March'],[],['Tertiary Edu'],[],[],['Special Keywords'],[],"['North West University', 'University of Pretoria', 'Rhodes University']"
191,1,10,0.5,0.0,1.0,1.0,1.0,0.5,1.0,0.5,0.0,0.0,1.1,0.0,1469.5,0.1,0.0,0.3638888888888889,0.014444444444444449,Ngaka Modiri Molema,['Education'],[],['Gathering'],['Political Party'],['Tertiary Edu'],[],[],['Special Keywords'],[],['University of Pretoria']
192,0,5,0.5,0.5,0.5,0.0,0.0,1.0,0.0,0.0,0.0,0.5,0.6,0.8,2783.2,0.6,0.4,0.42374999999999996,0.1078125,Ngaka Modiri Molema,['Education'],[],['Picket'],[],['School'],[],[],['Special Keywords'],['Election campaigns'],['Rhodes University']
193,1,11,0.0,0.0,0.5,0.0,1.0,1.0,1.0,0.5,1.0,0.5,1.1,0.0,1345.090909090909,0.09090909090909091,0.0,0.3762626262626263,0.04040404040404041,Bojanala,['Education'],[],['Gathering'],['Political Party'],['Tertiary Edu'],[],[],['Special Keywords'],[],['University of Pretoria']
194,0,1,0.0,0.0,0.0,0.0,0.0,0.0,1.0,0.0,0.0,0.0,0.1,0.0,2563.0,0.0,0.0,0.7,-0.6,Ngaka Modiri Molema,[],['Court hearing'],[],[],['Court'],[],[],[],[],[]
195,0,3,1.0,0.0,0.5,0.0,0.0,0.0,0.5,0.5,0.0,0.0,0.5,0.0,594.6666666666666,0.3333333333333333,0.0,0.0,0.0,Bojanala,[],[],[],[],"['Informal area', 'Tertiary Edu']",[],[],[],['Election campaigns'],"['University of Pretoria', 'Rhodes University']"
196,1,4,0.5,0.0,0.0,0.5,0.0,1.0,0.5,0.0,0.0,0.0,0.5,0.0,2045.75,0.0,0.0,0.22291666666666665,0.315625,Capricorn,['Education'],[],['Disrupt'],['Political Party'],['School'],[],[],[],[],[]
197,0,2,0.0,0.0,0.0,1.0,0.0,0.0,0.0,0.0,0.0,1.0,0.2,0.0,2238.5,0.0,0.5,0.0357142857142857,0.0,Capricorn,[],[],"['Gathering', 'Lock-out', 'Disrupt']",['Political Party'],[],[],[],[],[],"['Stellenbosh University', 'University of Pretoria']"
