,tweet_id,author_followers,text,created_at,retweets,replies,likes,quote_count,place_id,place_name,mentioned_users,hashtags,emojis,urls,cleaned_text,geometry,grievances,triggers,tactics,actors,locations,weapons,eventualities,curiosities,non_protests,Subjectivity,Polarity,Analysis
0,923322201125916672,1072,Idk if these niggas are singing struggle songs coz they‚Äôre drunk or coz of fees must fall..either way I‚Äôm soo over res life I wanna leaveüò≠ https://t.co/qpVLylJ8nK,2017-10-25 22:55:41+00:00,0,0,0,0,{'place_id': 'e564d30dc173d2a8'},"Johannesburg, South Africa",,,['üò≠'],https://t.co/qpVLylJ8nK,idk nigga sing struggle song coz they‚Äôre drunk coz fee must fall..either way i‚Äôm soo res life wanna leave,POINT (27.968098050000002 -26.276138500000002),,,['Gathering'],,,,,,,1.0,-0.5,Negative
1,923320610373107712,3938,"@Pali_Matli So nawe stop associating Wits with UFS,because you also don't know our struggle too, and you shouldn't have commented from the get off",2017-10-25 22:49:22+00:00,0,0,0,0,{'place_id': '810e12ec4af983de'},"Bloemfontein, South Africa",['@Pali_Matli'],,,,"nawe stop associate wit ufs,because also know struggle comment get",POINT (26.213109600000003 -29.10658805),,,,,,,,,,0.0,0.0,Neutral
2,923287512633798656,60433,Please RT for Awareness.This kid deserves free education at any intuition in the country! https://t.co/hZIINGNjUb,2017-10-25 20:37:51+00:00,0,0,1,0,{'place_id': 'd3d46bdc072ad347'},"Vryburg, South Africa",,,,https://t.co/hZIINGNjUb,please rt awareness.this kid deserve free education intuition country,POINT (24.7134466 -26.947960549999994),['Internat Solidarity'],,,,,,,,,0.8,0.5,Positive
3,923282795048460288,2322,No vision for what or where the institution is going. Struggle to locate the pulse. UCT is stagnant and risks irrelevance if continued. https://t.co/McMlhS2rJv,2017-10-25 20:19:06+00:00,0,1,1,0,{'place_id': '8b9ec16fdc0d7e55'},"Cape Town, South Africa",,,,https://t.co/McMlhS2rJv,vision institution go struggle locate pulse uct stagnant risk irrelevance continue,POINT (18.4241 -33.9249),,,,['Political Party'],,,,,,0.0,0.0,Neutral
4,923243015740837893,797731,UCT students have disrupted some classes on the institution's main campus - demanding the release of the commission report on free education,2017-10-25 17:41:02+00:00,1,0,3,0,{'place_id': 'e564d30dc173d2a8'},"Johannesburg, South Africa",,,,,uct student disrupt class institution's main campus demand release commission report free education,POINT (27.968098050000002 -26.276138500000002),,['Arrests'],['Disrupt'],,"['Informal area', 'Tertiary Edu']",,,,,0.5666666666666667,0.2833333333333333,Positive
5,923237910412963840,970,"Text presents economic research, suggests solutions &amp; tangible models for free education. @SizweMpofuWalsh  @AllTheFas #DemocracyandDelusion",2017-10-25 17:20:45+00:00,0,0,0,0,{'place_id': 'e564d30dc173d2a8'},"Johannesburg, South Africa","['@SizweMpofuWalsh', '@AllTheFas']",['#DemocracyandDelusion'],,,text present economic research suggest solution amp tangible model free education,POINT (27.968098050000002 -26.276138500000002),,,,,,,,,,0.5,0.30000000000000004,Positive
6,923210193755762688,8372,"@News24 Captured Minister(s) keep on deeming it necessary to fund non-perfoming State-Owned Enterprises (SOEs), but reluctant to fund free education",2017-10-25 15:30:37+00:00,3,0,2,0,{'place_id': 'ace5f33acd47c646'},"Zebediela, South Africa",['@News24'],,,,capture minister(s keep deem necessary fund non-perfoming state-owned enterprise soes reluctant fund free education,POINT (29.273209950000002 -24.32029685),,,,,,,,,,0.9,0.2,Positive
7,923197048073150469,4043,"#FeesMustFall ‚Äúwe came too late, we missed the speech.‚Äù - student at march too parliament. @TeamNews24",2017-10-25 14:38:23+00:00,0,0,0,0,{'place_id': '8b9ec16fdc0d7e55'},"Cape Town, South Africa",['@TeamNews24'],['#FeesMustFall'],,,‚Äúwe come late miss speech.‚Äù student march parliament,POINT (18.4241 -33.9249),['Education'],,['March'],,['Tertiary Edu'],,,,,0.6,-0.3,Negative
8,923190497040064512,1053,"No no no, do not blame fmf for this. UCT was notified before the time that there would be a shutdown so it‚Äôs up to them. https://t.co/RW1GHrum8e",2017-10-25 14:12:21+00:00,0,1,2,0,{'place_id': '8b9ec16fdc0d7e55'},"Cape Town, South Africa",,,,https://t.co/RW1GHrum8e,blame fmf uct notified time would shutdown it‚Äôs,POINT (18.4241 -33.9249),,,,,,,,,,0.0,0.0,Neutral
9,923188580062777344,2061,"If you want free education, campaign for a government capable of delivering a highly performing economy that generates the necessary revenue https://t.co/kfkrzESLrH",2017-10-25 14:04:44+00:00,1,0,3,0,{'place_id': 'e564d30dc173d2a8'},"Johannesburg, South Africa",,,,https://t.co/kfkrzESLrH,want free education campaign government capable deliver highly perform economy generate necessary revenue,POINT (27.968098050000002 -26.276138500000002),['National govt'],,,,['Informal area'],,,,['Election campaigns'],0.685,0.19000000000000003,Positive
10,923161249092907008,4043,"@TeamNews24 The #UCTshutdown and #cputshutdown march to parliament has been canceled over safety concerns. 

https://t.co/6gRGJqoZr5",2017-10-25 12:16:07+00:00,0,1,0,0,{'place_id': '8b9ec16fdc0d7e55'},"Cape Town, South Africa",['@TeamNews24'],"['#UCTshutdown', '#cputshutdown']",,https://t.co/6gRGJqoZr5,"march parliament cancel safety concern 

",POINT (18.4241 -33.9249),,['Working conditions'],['March'],['Political Party'],,,,,,0.0,0.0,Neutral
11,923152157163098112,43,Protesters seem to have forgotten they decided to march on parliament today #UCT #FeesMustFall #UCTshutdown https://t.co/bRKV9VeyBe,2017-10-25 11:40:00+00:00,1,2,1,0,{'place_id': '8b9ec16fdc0d7e55'},"Cape Town, South Africa",,"['#UCT', '#FeesMustFall', '#UCTshutdown']",,https://t.co/bRKV9VeyBe,protester seem forgotten decide march parliament today,POINT (18.4241 -33.9249),,,['March'],,,,,,,0.0,0.0,Neutral
12,923150756403871744,1241,"@siya_nerdychap Yeah no I get that, because on the other hand radical disruption forces engagement. As a student struggle, student interests are a gray area",2017-10-25 11:34:26+00:00,1,1,0,0,{'place_id': '8b9ec16fdc0d7e55'},"Cape Town, South Africa",['@siya_nerdychap'],,,,yeah get hand radical disruption force engagement student struggle student interest gray area,POINT (18.4241 -33.9249),,,['Disrupt'],,['Tertiary Edu'],,,,,0.375,-0.125,Negative
13,923148482994688000,11569,All the tertiary students are waiting for is to hear about how free education is going to be funded. Nothing else Minister Malusi Gigaba! https://t.co/HEjJtdyT87,2017-10-25 11:25:24+00:00,5,1,11,0,{'place_id': '8b9ec16fdc0d7e55'},"Cape Town, South Africa",,,,https://t.co/HEjJtdyT87,tertiary student wait hear free education go funded nothing else minister malusi gigaba,POINT (18.4241 -33.9249),,,,,['Tertiary Edu'],,,,,0.8,0.5,Positive
14,923136987116331008,5050,Students gathered outside the student center preparing to march to the main building #UFSShutdown,2017-10-25 10:39:43+00:00,2,1,1,0,{'place_id': '810e12ec4af983de'},"Bloemfontein, South Africa",,['#UFSShutdown'],,,student gather outside student center prepare march main building,POINT (26.213109600000003 -29.10658805),,['Project begin'],"['March', 'Gathering']",,['Tertiary Edu'],,,,,0.16111111111111112,0.022222222222222216,Positive
15,923135072655560706,46,"This morning at UCT 
#shutdown 
#FeesMustFall https://t.co/7dsTwP3zc3",2017-10-25 10:32:06+00:00,0,0,1,0,"{'coordinates': {'type': 'Point', 'coordinates': [18.4655904, -33.942785]}, 'place_id': '8b9ec16fdc0d7e55'}","Cape Town, South Africa",,"['#shutdown', '#FeesMustFall']",,https://t.co/7dsTwP3zc3,morning uct,POINT (18.4241 -33.9249),,,,,,,,,,0.0,0.0,Neutral
16,923131627542282240,3622,"For black people in Mzanzi, I mean look they even charge us for fees. School fees. Uni... yazi feez must fall like blade https://t.co/iYtBtjsEod",2017-10-25 10:18:25+00:00,0,0,0,0,{'place_id': '0e428116fe291283'},"Port Elizabeth, South Africa",,,,https://t.co/iYtBtjsEod,black people mzanzi mean look even charge fee school fee uni yazi feez must fall like blade,POINT (25.5553161 -33.90756195),['Education'],,,,['School'],,,,,0.5604166666666667,-0.23958333333333331,Negative
17,923130776631283712,5050,Students singing struggle songs outside the student center #UFSShutdown,2017-10-25 10:15:02+00:00,2,0,1,0,{'place_id': '810e12ec4af983de'},"Bloemfontein, South Africa",,['#UFSShutdown'],,,student sing struggle song outside student center,POINT (26.213109600000003 -29.10658805),,['Project begin'],['Gathering'],,['Tertiary Edu'],,,,,0.07500000000000001,-0.05,Negative
18,923130735137120256,202,"@MbuyiseniNdlozi lool ok leadership, Since he was saying that student must fall now it is our turn lool",2017-10-25 10:14:52+00:00,0,0,0,0,{'place_id': '79c23a5b40729c2d'},"Kimberley, South Africa",['@MbuyiseniNdlozi'],,,,lool ok leadership since say student must fall turn lool,POINT (24.7638326 -28.7456859),,,['Picket'],,['Tertiary Edu'],,,,,0.5,0.5,Positive
19,923129423720742912,2322,"Dude...yoh. 
I get we are mobilizing but we can't block people on the brink of leaving UCT and helping families. https://t.co/4dXEDqzDcH",2017-10-25 10:09:40+00:00,10,1,9,0,{'place_id': '8b9ec16fdc0d7e55'},"Cape Town, South Africa",,,,https://t.co/4dXEDqzDcH,"dude...yoh 
i get mobilize can't block people brink leave uct help family",POINT (18.4241 -33.9249),,,"['Disrupt', 'Lock-out']",,,,,,,0.0,0.0,Neutral
20,923124647696257024,5050,The March to the main building from the student center will commence at 12:00 #UFSShutdown,2017-10-25 09:50:41+00:00,1,0,0,1,{'place_id': '810e12ec4af983de'},"Bloemfontein, South Africa",,['#UFSShutdown'],,,march main building student center commence,POINT (26.213109600000003 -29.10658805),,,['March'],,['Tertiary Edu'],,,,,0.21666666666666667,0.033333333333333326,Positive
21,923108063783071747,12002,Results of doing your PHD ka Apartheidüëá.Calling students fighting for free education fools.When teachers strike do they go parliament??Msunu https://t.co/niT6exUmjf,2017-10-25 08:44:47+00:00,0,0,0,0,{'place_id': '7efc470da463c9f0'},"Soweto, South Africa",,,['üëá'],https://t.co/niT6exUmjf,result phd ka apartheid.calling student fight free education fools.when teacher strike go parliament??msunu,POINT (27.875271750000007 -26.2564214),['Education'],,,,"['Tertiary Edu', 'School']",,,,,0.8,0.4,Positive
22,923105464015089667,12002,Our president is the second highest earning president in the world but they can't give us free education #FeesMustFall2017 #uctshutdown,2017-10-25 08:34:27+00:00,4,4,10,2,{'place_id': '7efc470da463c9f0'},"Soweto, South Africa",,"['#FeesMustFall2017', '#uctshutdown']",,,president second high earn president world can't give free education,POINT (27.875271750000007 -26.2564214),,,,,,,,,,0.4,0.2,Positive
23,923104858630213633,1648,@StatsSA releases sobering data on Higher Education as students march on parliament. https://t.co/dn1G2bQwGw 1/2,2017-10-25 08:32:03+00:00,0,0,0,0,{'place_id': '8b9ec16fdc0d7e55'},"Cape Town, South Africa",['@StatsSA'],,,https://t.co/dn1G2bQwGw,release sober data high education student march parliament,POINT (18.4241 -33.9249),,['Arrests'],['March'],['Political Party'],['Tertiary Edu'],,,,,0.5,0.25,Positive
24,923095797243236353,210,"Unrealistic. Free education is wanted by and would benefit all, but where do the universities get money to pay lecturers? Printing? Food? https://t.co/tXp2CO4EVP",2017-10-25 07:56:03+00:00,0,0,0,0,{'place_id': 'e564d30dc173d2a8'},"Johannesburg, South Africa",,,,https://t.co/tXp2CO4EVP,unrealistic free education want would benefit university get money pay lecturer print food,POINT (27.968098050000002 -26.276138500000002),,['Working conditions'],,,['Tertiary Edu'],,,,,0.9,-0.04999999999999999,Negative
25,923083971415732224,5050,There is a gathering at the student center at 10:00 am to march to the main building #UFSShutdown,2017-10-25 07:09:03+00:00,4,1,4,0,{'place_id': '810e12ec4af983de'},"Bloemfontein, South Africa",,['#UFSShutdown'],,,gather student center march main building,POINT (26.213109600000003 -29.10658805),,,"['March', 'Gathering']",,['Tertiary Edu'],,,,,0.21666666666666667,0.033333333333333326,Positive
26,923075476826066944,1929,I think the funding used to always save SAA should be used for free education.. I mean we talking about billions here man #feesmustfall,2017-10-25 06:35:18+00:00,1,0,3,0,{'place_id': '898ab5b8457800b6'},"Lydenburg, South Africa",,['#feesmustfall'],,,think funding use always save saa use free education mean talk billion man,POINT (30.47785335 -25.09936295),,,,,,,,,,0.74375,0.04375000000000001,Positive
27,923064902029279233,47158,Students from the University of Cape Town and Cape Peninsula University of Technology will today march to Parliament #FeesCommission,2017-10-25 05:53:17+00:00,0,0,0,0,{'place_id': 'd0848b8367022de8'},"Polokwane, South Africa",,['#FeesCommission'],,,student university cape town cape peninsula university technology today march parliament,POINT (29.4770012 -23.9162345),['Education'],,['March'],,['Tertiary Edu'],,,,,0.0,0.0,Neutral
28,923055897315872768,3627,"Most university SRC‚Äôs know about the proposed fee increment at this stage, not sure why they‚Äôve not told students &amp; most have agreed to it.",2017-10-25 05:17:30+00:00,3,7,0,1,{'place_id': 'e564d30dc173d2a8'},"Johannesburg, South Africa",,,,,university src‚Äôs know propose fee increment stage sure they‚Äôve tell student amp agree,POINT (27.968098050000002 -26.276138500000002),['Proposed legislation'],,,,['Tertiary Edu'],,,,,0.6296296296296297,0.25,Positive
29,923051564557889536,4004,"The #FeesCommissionReport don‚Äôt recommend free education for all, thus the delay. @SakinaKamwendo #AMLive",2017-10-25 05:00:17+00:00,1,3,0,0,{'place_id': '79c23a5b40729c2d'},"Kimberley, South Africa",['@SakinaKamwendo'],"['#FeesCommissionReport', '#AMLive']",,,don‚Äôt recommend free education thus delay,POINT (24.7638326 -28.7456859),,,,,,,,,,0.8,0.4,Positive
30,923047903932887040,47158,This year learners in the #Vuwani area lost some school time as residents shutdown services #Matric2017,2017-10-25 04:45:44+00:00,0,0,0,0,{'place_id': 'e564d30dc173d2a8'},"Johannesburg, South Africa",,"['#Vuwani', '#Matric2017']",,,year learner area lose school time resident shutdown service,POINT (27.968098050000002 -26.276138500000002),,,,['Civic org'],['School'],,,,,0.0,0.0,Neutral
31,923040796168916992,608,@UCT_news you want us to gi to work today? No announcement regarding #Shutdown...and SRC had sent one...,2017-10-25 04:17:29+00:00,0,0,0,0,{'place_id': '8b9ec16fdc0d7e55'},"Cape Town, South Africa",['@UCT_news'],['#Shutdown...and'],,,want gi work today announcement regard src send one,POINT (18.4241 -33.9249),,,,,,,,,,0.0,0.0,Neutral
32,922962746035048448,15263,BREAKING: the @UCT_SRC has announced a shutdown of the university on 25 October 2017 #UCTshutdown https://t.co/kT9TYfnWxW,2017-10-24 23:07:21+00:00,50,0,22,15,{'place_id': '8b9ec16fdc0d7e55'},"Cape Town, South Africa",['@UCT_SRC'],['#UCTshutdown'],,https://t.co/kT9TYfnWxW,break announce shutdown university october,POINT (18.4241 -33.9249),,,['Vandalism'],,,,,,,0.0,0.0,Neutral
33,922908728344694784,16753,"No. Free education won't lead the economy into trouble, corrupt leaders who have no vision for the future are what's destroying our country https://t.co/rSDbVsYpU4",2017-10-24 19:32:42+00:00,6,3,18,0,{'place_id': 'cc95b56a28712044'},"Centurion, South Africa",,,,https://t.co/rSDbVsYpU4,free education lead economy trouble corrupt leader vision future what's destroy country,POINT (28.1361401 -25.860880649999995),,,['Picket'],,,,,,,0.425,-0.22000000000000003,Negative
34,922871691004530694,4649,"@theNWU Law Faculty Alumni Gathering happening at @TheCapital_SA Moloko üòä

#NWU #ItAllStartsHere 

Cc @NWUPotch @NWUMafikeng @VaalNWU",2017-10-24 17:05:31+00:00,0,0,3,0,{'place_id': '178a87b8e2eaa375'},"Sandton, South Africa","['@theNWU', '@TheCapital_SA', '@NWUPotch', '@NWUMafikeng', '@VaalNWU']","['#NWU', '#ItAllStartsHere']",['üòä'],,"law faculty alumnus gather happen moloko 

 

cc",POINT (28.06061305 -26.058708),,,['Gathering'],,,,,,,0.0,0.0,Neutral
35,922869372414251010,41619,"This is why ANCYL tweet makes sense. 

Black, indigenous SAfrican student struggle the most at school. 

Can‚Äôt blanket treat them https://t.co/7k8P2Bwj7A",2017-10-24 16:56:19+00:00,3,1,2,1,{'place_id': '8b9ec16fdc0d7e55'},"Cape Town, South Africa",,,,https://t.co/7k8P2Bwj7A,"ancyl tweet make sense 

black indigenous safrican student struggle school 

can‚Äôt blanket treat",POINT (18.4241 -33.9249),,,,['Political Party'],"['Tertiary Edu', 'School']",,,,,0.4666666666666667,0.16666666666666669,Positive
36,922855342626701313,6462,"And UFS students would never gather up in unity like this shemmm!
No wonder we've been waiting to shutdown. smh https://t.co/RVT5drRw5k",2017-10-24 16:00:34+00:00,0,0,0,0,{'place_id': '810e12ec4af983de'},"Bloemfontein, South Africa",,,,https://t.co/RVT5drRw5k,"ufs student would never gather unity like shemmm!
no wonder we've wait shutdown smh",POINT (26.213109600000003 -29.10658805),,,['Gathering'],,['Tertiary Edu'],,,,,0.0,0.0,Neutral
37,922844759126888449,4043,"The latest on the #UCTshutdown. 

Announcement on march to Parliament to be made at a meeting tonight. 

https://t.co/NopOZdMX1B",2017-10-24 15:18:30+00:00,1,1,0,0,{'place_id': '8b9ec16fdc0d7e55'},"Cape Town, South Africa",,['#UCTshutdown.'],,https://t.co/NopOZdMX1B,"late 

announcement march parliament make meeting tonight 

",POINT (18.4241 -33.9249),,,"['March', 'Meeting']",,,,,,,0.9,0.5,Positive
38,922840915034730496,19437,"UCT SRC, @uct_src is now trending in #CapeTown

https://t.co/n4SI8uEVB2 https://t.co/jMSnRkhQ9H",2017-10-24 15:03:14+00:00,1,0,0,0,{'place_id': '8b9ec16fdc0d7e55'},"Cape Town, South Africa",['@uct_src'],['#CapeTown'],,https://t.co/n4SI8uEVB2,"uct src trend 

",POINT (18.4241 -33.9249),,,,,,,,,,0.0,0.0,Neutral
39,922837741674606592,1210,"Follow @VernacNews for updates on UCT Shutdown, on UFS Shutdown and CPUT Shutdown. https://t.co/osZ0jVc474",2017-10-24 14:50:37+00:00,2,0,1,0,{'place_id': '8b9ec16fdc0d7e55'},"Cape Town, South Africa",['@VernacNews'],,,https://t.co/osZ0jVc474,follow update uct shutdown ufs shutdown cput shutdown,POINT (18.4241 -33.9249),,,,,,,,,,0.0,0.0,Neutral
40,922805292542423041,49276,Mass meeting of students at UCT. Vid: @okuhle_hlati https://t.co/ElNSONIEaS,2017-10-24 12:41:41+00:00,2,1,1,0,{'place_id': '8b9ec16fdc0d7e55'},"Cape Town, South Africa",['@okuhle_hlati'],,,https://t.co/ElNSONIEaS,mass meeting student uct vid,POINT (18.4241 -33.9249),,,['Meeting'],,['Tertiary Edu'],,,,,0.0,0.0,Neutral
41,922804757378584576,2135,Hiddingh Campus is Shutdown.,2017-10-24 12:39:33+00:00,1,0,0,5,{'place_id': '8b9ec16fdc0d7e55'},"Cape Town, South Africa",,,,,hiddingh campus shutdown,POINT (18.4241 -33.9249),,,,,"['Informal area', 'Tertiary Edu']",,,,,0.0,0.0,Neutral
42,922802552172875777,6911,This is a lie. They didn‚Äôt fucking burn down the school üòí https://t.co/wRKmoUSN8u,2017-10-24 12:30:47+00:00,1,0,2,1,{'place_id': '8b9ec16fdc0d7e55'},"Cape Town, South Africa",,,['üòí'],https://t.co/wRKmoUSN8u,lie didn‚Äôt fuck burn school,POINT (18.4241 -33.9249),,,['Disrupt'],,['School'],,,,,0.5444444444444445,-0.37777777777777777,Negative
43,922798922065735680,3983,"JUST IN: UCT protesting students disrupt lectures, the fire alarm has been set off. @TheCapeArgus",2017-10-24 12:16:22+00:00,3,0,0,0,{'place_id': '8b9ec16fdc0d7e55'},"Cape Town, South Africa",['@TheCapeArgus'],,,,uct protest student disrupt lecture fire alarm set,POINT (18.4241 -33.9249),['Education'],,['Disrupt'],,['Tertiary Edu'],,,,,0.0,0.0,Neutral
44,922795986027732993,210,"You can‚Äôt have free education now. Our economy, infrastructure and government is not prepared. It‚Äôs a goal we should strive for, and achieve https://t.co/8y1VSp54tF",2017-10-24 12:04:42+00:00,0,0,0,0,{'place_id': 'd73e8f8ebdd03aff'},"Randburg, South Africa",,,,https://t.co/8y1VSp54tF,can‚Äôt free education economy infrastructure government prepare it‚Äôs goal strive achieve,POINT (27.95745755 -26.0197197),['National govt'],,,,,,,,,0.8,0.4,Positive
45,922792614235131904,210,"No one wants to pay for education. Free education would benefit all. However, not everyone agrees with methods of intimidation used by #FMF",2017-10-24 11:51:18+00:00,0,0,0,0,{'place_id': 'd73e8f8ebdd03aff'},"Randburg, South Africa",,['#FMF'],,,one want pay education free education would benefit however everyone agree method intimidation use,POINT (27.95745755 -26.0197197),,,,,,,,,,0.45,0.30000000000000004,Positive
46,922791623980994560,4043,#UCTshutdown ‚ÄúIf the university increases fees it must fall.‚Äù - student leader. @TeamNews24 https://t.co/IEa7Rh2JEn,2017-10-24 11:47:22+00:00,0,1,0,0,{'place_id': '8b9ec16fdc0d7e55'},"Cape Town, South Africa",['@TeamNews24'],['#UCTshutdown'],,https://t.co/IEa7Rh2JEn,‚Äúif university increase fee must fall.‚Äù student leader,POINT (18.4241 -33.9249),['Education'],,['Picket'],,['Tertiary Edu'],,,,,0.0,0.0,Neutral
47,922789798452039680,4043,#UCTshutdown SRC says it will respond ‚Äúdecisively‚Äù to the proposed 8-10%. ‚ÄúWe will be ‚Äòtouring‚Äô campus this afternoon.‚Äù @TeamNews24 https://t.co/zIHE4M5ZmW,2017-10-24 11:40:07+00:00,0,0,1,0,{'place_id': '8b9ec16fdc0d7e55'},"Cape Town, South Africa",['@TeamNews24'],['#UCTshutdown'],,https://t.co/zIHE4M5ZmW,src say respond ‚Äúdecisively‚Äù propose ‚Äúwe ‚Äòtouring‚Äô campus afternoon.‚Äù,POINT (18.4241 -33.9249),['Proposed legislation'],,,,"['Informal area', 'Tertiary Edu']",,,,,0.0,0.0,Neutral
48,922789295865389056,4043,#UCTshutdown SRC calls for the ‚Äúdemilitarisation‚Äù of UCT. Crowd replies with applause. @TeamNews24,2017-10-24 11:38:07+00:00,1,0,2,0,{'place_id': '8b9ec16fdc0d7e55'},"Cape Town, South Africa",['@TeamNews24'],['#UCTshutdown'],,,src call ‚Äúdemilitarisation‚Äù uct crowd reply applause,POINT (18.4241 -33.9249),,,,,,,,,,0.0,0.0,Neutral
49,922787711370649602,4043,#UCTshutdown the SRC says there is a necessity for ‚Äúactivation‚Äù on UCT‚Äôs campus against the fee increase. @TeamNews24 https://t.co/8AmApAKAhp,2017-10-24 11:31:49+00:00,0,0,0,0,{'place_id': '8b9ec16fdc0d7e55'},"Cape Town, South Africa",['@TeamNews24'],['#UCTshutdown'],,https://t.co/8AmApAKAhp,src say necessity ‚Äúactivation‚Äù uct‚Äôs campus fee increase,POINT (18.4241 -33.9249),,,,,"['Informal area', 'Tertiary Edu']",,,,,0.0,0.0,Neutral
50,922787289943756800,4043,#UCTshutdown The SRC condemns the increase of private security and police on the UCT campus. ‚ÄúThe are provoking us.‚Äù @TeamNews24,2017-10-24 11:30:09+00:00,0,0,0,0,{'place_id': '8b9ec16fdc0d7e55'},"Cape Town, South Africa",['@TeamNews24'],['#UCTshutdown'],,,src condemns increase private security police uct campus ‚Äúthe provoking us.‚Äù,POINT (18.4241 -33.9249),,,,,"['Informal area', 'Tertiary Edu']",,,,,0.375,0.0,Neutral
51,922787034531540999,4043,#UCTshutdown SRC says UCT rector Max Price received a 40% salary increase. @TeamNews24,2017-10-24 11:29:08+00:00,0,0,0,0,{'place_id': '8b9ec16fdc0d7e55'},"Cape Town, South Africa",['@TeamNews24'],['#UCTshutdown'],,,src say uct rector max price receive salary increase,POINT (18.4241 -33.9249),,['Wage disputes'],,,,,,,,0.0,0.0,Neutral
52,922786487770415104,4043,#uctshutdown ‚Äúthe SRC rejects UCT‚Äôs proposed fee increase wholeheartedly.‚Äù @TeamNews24 https://t.co/lAWeJTqKO3,2017-10-24 11:26:57+00:00,2,0,0,0,{'place_id': '8b9ec16fdc0d7e55'},"Cape Town, South Africa",['@TeamNews24'],['#uctshutdown'],,https://t.co/lAWeJTqKO3,‚Äúthe src reject uct‚Äôs propose fee increase wholeheartedly.‚Äù,POINT (18.4241 -33.9249),['Proposed legislation'],,,,,,,,,0.0,0.0,Neutral
53,922786077617852416,4043,#uctshutdown SRC the burden of fees should not be carried by students. ‚ÄúWe are committed to free education.‚Äù @TeamNews24 https://t.co/N3X2FA9fX2,2017-10-24 11:25:20+00:00,0,0,2,0,{'place_id': '8b9ec16fdc0d7e55'},"Cape Town, South Africa",['@TeamNews24'],['#uctshutdown'],,https://t.co/N3X2FA9fX2,src burden fee carry student ‚Äúwe committed free education.‚Äù,POINT (18.4241 -33.9249),['Education'],,,,['Tertiary Edu'],,,,,0.8,0.4,Positive
54,922785813250887680,4043,#uctshutdown The SRC says the university said it is operating at a deficit and was forced to increase fees between 8-10%. @TeamNews24 https://t.co/lirJ1Hw8LE,2017-10-24 11:24:17+00:00,1,0,0,0,{'place_id': '8b9ec16fdc0d7e55'},"Cape Town, South Africa",['@TeamNews24'],['#uctshutdown'],,https://t.co/lirJ1Hw8LE,src say university say operating deficit force increase fee,POINT (18.4241 -33.9249),['Education'],,,,,,,,,0.2,-0.30000000000000004,Negative
55,922784890688589825,4043,JUST IN: The UCT SRC says the institution is planning a feee increase of between 8 to 10%. #uctshutdown @TeamNews24,2017-10-24 11:20:37+00:00,3,0,3,1,{'place_id': '8b9ec16fdc0d7e55'},"Cape Town, South Africa",['@TeamNews24'],['#uctshutdown'],,,uct src say institution plan feee increase,POINT (18.4241 -33.9249),,,,,,,,,,0.0,0.0,Neutral
56,922782877686927360,723,"Offer free education, in that way strikes will not be necessary!! https://t.co/zRh6KeE9mK",2017-10-24 11:12:37+00:00,0,0,0,0,{'place_id': 'f344308959b070f6'},"Mohlakeng, South Africa",,,,https://t.co/zRh6KeE9mK,offer free education way strike necessary,POINT (27.699714649999997 -26.23092885),,,,,,,,,,0.9,0.2,Positive
57,922779820093734912,13217,@UCT_SRC @VernacNews Mass Meeting at Jameson Hall. 12:59 https://t.co/j7n7oqqPVH,2017-10-24 11:00:28+00:00,1,0,3,0,{'place_id': '8b9ec16fdc0d7e55'},"Cape Town, South Africa","['@UCT_SRC', '@VernacNews']",,,https://t.co/j7n7oqqPVH,mass meeting jameson hall,POINT (18.4241 -33.9249),,,['Meeting'],,,,,,,0.0,0.0,Neutral
58,922770773957398528,5050,UCT is having a mass meeting this afternoon at 13:00 #UCTShutdown #UFSShutdown,2017-10-24 10:24:31+00:00,2,0,5,0,{'place_id': '810e12ec4af983de'},"Bloemfontein, South Africa",,"['#UCTShutdown', '#UFSShutdown']",,,uct mass meeting afternoon,POINT (26.213109600000003 -29.10658805),,,['Meeting'],,,,,,,0.0,0.0,Neutral
59,922680021998817280,14435,"Let‚Äôs be honest though, Wits fighters are not capable of leading a protest!",2017-10-24 04:23:54+00:00,1,1,4,2,{'place_id': '178a87b8e2eaa375'},"Sandton, South Africa",,,,,let‚Äôs honest though wits fighter capable lead protest,POINT (28.06061305 -26.058708),,,,,,,,,,0.65,0.2375,Positive
