,Unnamed: 0.1,Unnamed: 0,tweet_id,author_followers,text,created_at,retweets,replies,likes,quote_count,place_id,place_name,cleaned_text,geometry,universities
0,0,0,923322201125916672,1074,Idk if these niggas are singing struggle songs coz they‚Äôre drunk or coz of fees must fall..either way I‚Äôm soo over res life I wanna leaveüò≠ https://t.co/qpVLylJ8nKUniversity of cape Town UCT IKEYS,2017-10-25 22:55:41+00:00,0,0,0,0,{'place_id': 'e564d30dc173d2a8'},"Johannesburg, South Africa",idk nigga sing struggle song coz they‚Äôre drunk coz fee must fall..either way i‚Äôm soo res life wanna leave,POINT (18.4612 -33.9577),['University of Cape Town ']
1,1,1,923320610373107712,3938,"@Pali_Matli So nawe stop associating Wits with UFS,because you also don't know our struggle too, and you shouldn't have commented from the get off",2017-10-25 22:49:22+00:00,0,0,0,0,{'place_id': '810e12ec4af983de'},"Bloemfontein, South Africa","nawe stop associate wit ufs,because also know struggle comment get",POINT (26.213109600000003 -29.10658805),"['University of the Witwatersrand', 'University of the Free State']"
2,2,2,923287512633798656,60191,Please RT for Awareness.This kid deserves free education at any intuition in the country! https://t.co/hZIINGNjUb,2017-10-25 20:37:51+00:00,0,0,1,0,{'place_id': 'd3d46bdc072ad347'},"Vryburg, South Africa",please rt awareness.this kid deserve free education intuition country,POINT (24.7134466 -26.947960549999994),
3,3,3,923282795048460288,2322,No vision for what or where the institution is going. Struggle to locate the pulse. UCT is stagnant and risks irrelevance if continued. https://t.co/McMlhS2rJv,2017-10-25 20:19:06+00:00,0,1,1,0,{'place_id': '8b9ec16fdc0d7e55'},"Cape Town, South Africa",vision institution go struggle locate pulse uct stagnant risk irrelevance continue,POINT (18.4612 -33.9577),['University of Cape Town ']
4,4,4,923243015740837893,796552,UCT students have disrupted some classes on the institution's main campus - demanding the release of the commission report on free education,2017-10-25 17:41:02+00:00,1,0,3,0,{'place_id': 'e564d30dc173d2a8'},"Johannesburg, South Africa",uct student disrupt class institution's main campus demand release commission report free education,POINT (18.4612 -33.9577),['University of Cape Town ']
5,5,5,923237910412963840,969,"Text presents economic research, suggests solutions &amp; tangible models for free education. @SizweMpofuWalsh  @AllTheFas #DemocracyandDelusion",2017-10-25 17:20:45+00:00,0,0,0,0,{'place_id': 'e564d30dc173d2a8'},"Johannesburg, South Africa",text present economic research suggest solution amp tangible model free education,POINT (27.968098050000002 -26.276138500000002),
6,6,6,923210193755762688,8373,"@News24 Captured Minister(s) keep on deeming it necessary to fund non-perfoming State-Owned Enterprises (SOEs), but reluctant to fund free education",2017-10-25 15:30:37+00:00,3,0,2,0,{'place_id': 'ace5f33acd47c646'},"Zebediela, South Africa",capture minister(s keep deem necessary fund non-perfoming state-owned enterprise soes reluctant fund free education,POINT (29.273209950000002 -24.32029685),
7,7,7,923197048073150469,4042,"#FeesMustFall ‚Äúwe came too late, we missed the speech.‚Äù - student at march too parliament. @TeamNews24",2017-10-25 14:38:23+00:00,0,0,0,0,{'place_id': '8b9ec16fdc0d7e55'},"Cape Town, South Africa",‚Äúwe come late miss speech.‚Äù student march parliament,POINT (18.4241 -33.9249),
8,8,8,923190497040064512,1053,"No no no, do not blame fmf for this. UCT was notified before the time that there would be a shutdown so it‚Äôs up to them. https://t.co/RW1GHrum8e",2017-10-25 14:12:21+00:00,0,1,2,0,{'place_id': '8b9ec16fdc0d7e55'},"Cape Town, South Africa",blame fmf uct notified time would shutdown it‚Äôs,POINT (18.4612 -33.9577),['University of Cape Town ']
9,9,9,923188580062777344,2062,"If you want free education, campaign for a government capable of delivering a highly performing economy that generates the necessary revenue https://t.co/kfkrzESLrH",2017-10-25 14:04:44+00:00,1,0,3,0,{'place_id': 'e564d30dc173d2a8'},"Johannesburg, South Africa",want free education campaign government capable deliver highly perform economy generate necessary revenue,POINT (27.968098050000002 -26.276138500000002),
10,10,10,923161249092907008,4042,"@TeamNews24 The #UCTshutdown and #cputshutdown march to parliament has been canceled over safety concerns. 

https://t.co/6gRGJqoZr5",2017-10-25 12:16:07+00:00,0,1,0,0,{'place_id': '8b9ec16fdc0d7e55'},"Cape Town, South Africa","march parliament cancel safety concern 

",POINT (18.4612 -33.9577),['University of Cape Town ']
11,11,11,923152157163098112,43,Protesters seem to have forgotten they decided to march on parliament today #UCT #FeesMustFall #UCTshutdown https://t.co/bRKV9VeyBe,2017-10-25 11:40:00+00:00,1,2,1,0,{'place_id': '8b9ec16fdc0d7e55'},"Cape Town, South Africa",protester seem forgotten decide march parliament today,POINT (18.4612 -33.9577),['University of Cape Town ']
12,12,12,923150756403871744,1242,"@siya_nerdychap Yeah no I get that, because on the other hand radical disruption forces engagement. As a student struggle, student interests are a gray area",2017-10-25 11:34:26+00:00,1,1,0,0,{'place_id': '8b9ec16fdc0d7e55'},"Cape Town, South Africa",yeah get hand radical disruption force engagement student struggle student interest gray area,POINT (18.4241 -33.9249),
13,13,13,923148482994688000,11562,All the tertiary students are waiting for is to hear about how free education is going to be funded. Nothing else Minister Malusi Gigaba! https://t.co/HEjJtdyT87,2017-10-25 11:25:24+00:00,5,1,11,0,{'place_id': '8b9ec16fdc0d7e55'},"Cape Town, South Africa",tertiary student wait hear free education go funded nothing else minister malusi gigaba,POINT (18.4241 -33.9249),
14,14,14,923136987116331008,5050,Students gathered outside the student center preparing to march to the main building #UFSShutdown,2017-10-25 10:39:43+00:00,2,1,1,0,{'place_id': '810e12ec4af983de'},"Bloemfontein, South Africa",student gather outside student center prepare march main building,POINT (26.1925 -29.1076),['University of the Free State']
15,15,15,923135072655560706,46,"This morning at UCT 
#shutdown 
#FeesMustFall https://t.co/7dsTwP3zc3",2017-10-25 10:32:06+00:00,0,0,1,0,"{'coordinates': {'type': 'Point', 'coordinates': [18.4655904, -33.942785]}, 'place_id': '8b9ec16fdc0d7e55'}","Cape Town, South Africa",morning uct,POINT (18.4612 -33.9577),['University of Cape Town ']
16,16,16,923131627542282240,3617,"For black people in Mzanzi, I mean look they even charge us for fees. School fees. Uni... yazi feez must fall like blade https://t.co/iYtBtjsEod",2017-10-25 10:18:25+00:00,0,0,0,0,{'place_id': '0e428116fe291283'},"Port Elizabeth, South Africa",black people mzanzi mean look even charge fee school fee uni yazi feez must fall like blade,POINT (25.5553161 -33.90756195),
17,17,17,923130776631283712,5050,Students singing struggle songs outside the student center #UFSShutdown,2017-10-25 10:15:02+00:00,2,0,1,0,{'place_id': '810e12ec4af983de'},"Bloemfontein, South Africa",student sing struggle song outside student center,POINT (26.1925 -29.1076),['University of the Free State']
18,18,18,923130735137120256,202,"@MbuyiseniNdlozi lool ok leadership, Since he was saying that student must fall now it is our turn lool",2017-10-25 10:14:52+00:00,0,0,0,0,{'place_id': '79c23a5b40729c2d'},"Kimberley, South Africa",lool ok leadership since say student must fall turn lool,POINT (24.7638326 -28.7456859),
19,19,19,923129423720742912,2322,"Dude...yoh. 
I get we are mobilizing but we can't block people on the brink of leaving UCT and helping families. https://t.co/4dXEDqzDcH",2017-10-25 10:09:40+00:00,10,1,9,0,{'place_id': '8b9ec16fdc0d7e55'},"Cape Town, South Africa","dude...yoh 
i get mobilize can't block people brink leave uct help family",POINT (18.4612 -33.9577),['University of Cape Town ']
20,20,20,923124647696257024,5050,The March to the main building from the student center will commence at 12:00 #UFSShutdown,2017-10-25 09:50:41+00:00,1,0,0,1,{'place_id': '810e12ec4af983de'},"Bloemfontein, South Africa",march main building student center commence,POINT (26.1925 -29.1076),['University of the Free State']
21,21,21,923108063783071747,12009,Results of doing your PHD ka Apartheidüëá.Calling students fighting for free education fools.When teachers strike do they go parliament??Msunu https://t.co/niT6exUmjf,2017-10-25 08:44:47+00:00,0,0,0,0,{'place_id': '7efc470da463c9f0'},"Soweto, South Africa",result phd ka apartheid.calling student fight free education fools.when teacher strike go parliament??msunu,POINT (27.875271750000007 -26.2564214),
22,22,22,923105464015089667,12009,Our president is the second highest earning president in the world but they can't give us free education #FeesMustFall2017 #uctshutdown,2017-10-25 08:34:27+00:00,4,4,10,2,{'place_id': '7efc470da463c9f0'},"Soweto, South Africa",president second high earn president world can't give free education,POINT (27.875271750000007 -26.2564214),
23,23,23,923104858630213633,1650,@StatsSA releases sobering data on Higher Education as students march on parliament. https://t.co/dn1G2bQwGw 1/2,2017-10-25 08:32:03+00:00,0,0,0,0,{'place_id': '8b9ec16fdc0d7e55'},"Cape Town, South Africa",release sober data high education student march parliament,POINT (18.4241 -33.9249),
24,24,24,923095797243236353,210,"Unrealistic. Free education is wanted by and would benefit all, but where do the universities get money to pay lecturers? Printing? Food? https://t.co/tXp2CO4EVP",2017-10-25 07:56:03+00:00,0,0,0,0,{'place_id': 'e564d30dc173d2a8'},"Johannesburg, South Africa",unrealistic free education want would benefit university get money pay lecturer print food,POINT (27.968098050000002 -26.276138500000002),
25,25,25,923083971415732224,5050,There is a gathering at the student center at 10:00 am to march to the main building #UFSShutdown,2017-10-25 07:09:03+00:00,4,1,4,0,{'place_id': '810e12ec4af983de'},"Bloemfontein, South Africa",gather student center march main building,POINT (26.1925 -29.1076),['University of the Free State']
26,26,26,923075476826066944,1927,I think the funding used to always save SAA should be used for free education.. I mean we talking about billions here man #feesmustfall,2017-10-25 06:35:18+00:00,1,0,3,0,{'place_id': '898ab5b8457800b6'},"Lydenburg, South Africa",think funding use always save saa use free education mean talk billion man,POINT (30.47785335 -25.09936295),
27,27,27,923064902029279233,47153,Students from the University of Cape Town and Cape Peninsula University of Technology will today march to Parliament #FeesCommission,2017-10-25 05:53:17+00:00,0,0,0,0,{'place_id': 'd0848b8367022de8'},"Polokwane, South Africa",student university cape town cape peninsula university technology today march parliament,POINT (18.4612 -33.9577),['University of Cape Town ']
28,28,28,923055897315872768,3633,"Most university SRC‚Äôs know about the proposed fee increment at this stage, not sure why they‚Äôve not told students &amp; most have agreed to it.",2017-10-25 05:17:30+00:00,3,7,0,1,{'place_id': 'e564d30dc173d2a8'},"Johannesburg, South Africa",university src‚Äôs know propose fee increment stage sure they‚Äôve tell student amp agree,POINT (27.968098050000002 -26.276138500000002),
29,29,29,923051564557889536,3999,"The #FeesCommissionReport don‚Äôt recommend free education for all, thus the delay. @SakinaKamwendo #AMLive",2017-10-25 05:00:17+00:00,1,3,0,0,{'place_id': '79c23a5b40729c2d'},"Kimberley, South Africa",don‚Äôt recommend free education thus delay,POINT (24.7638326 -28.7456859),
30,30,30,923047903932887040,47153,This year learners in the #Vuwani area lost some school time as residents shutdown services #Matric2017,2017-10-25 04:45:44+00:00,0,0,0,0,{'place_id': 'e564d30dc173d2a8'},"Johannesburg, South Africa",year learner area lose school time resident shutdown service,POINT (27.968098050000002 -26.276138500000002),
31,31,31,923040796168916992,607,@UCT_news you want us to gi to work today? No announcement regarding #Shutdown...and SRC had sent one...,2017-10-25 04:17:29+00:00,0,0,0,0,{'place_id': '8b9ec16fdc0d7e55'},"Cape Town, South Africa",want gi work today announcement regard src send one,POINT (18.4612 -33.9577),['University of Cape Town ']
32,32,32,922962746035048448,15271,BREAKING: the @UCT_SRC has announced a shutdown of the university on 25 October 2017 #UCTshutdown https://t.co/kT9TYfnWxW,2017-10-24 23:07:21+00:00,50,0,22,15,{'place_id': '8b9ec16fdc0d7e55'},"Cape Town, South Africa",break announce shutdown university october,POINT (18.4612 -33.9577),['University of Cape Town ']
33,33,33,922908728344694784,16771,"No. Free education won't lead the economy into trouble, corrupt leaders who have no vision for the future are what's destroying our country https://t.co/rSDbVsYpU4",2017-10-24 19:32:42+00:00,6,3,18,0,{'place_id': 'cc95b56a28712044'},"Centurion, South Africa",free education lead economy trouble corrupt leader vision future what's destroy country,POINT (28.1361401 -25.860880649999995),
34,34,34,922871691004530694,4648,"@theNWU Law Faculty Alumni Gathering happening at @TheCapital_SA Moloko üòä

#NWU #ItAllStartsHere 

Cc @NWUPotch @NWUMafikeng @VaalNWU",2017-10-24 17:05:31+00:00,0,0,3,0,{'place_id': '178a87b8e2eaa375'},"Sandton, South Africa","law faculty alumnus gather happen moloko 

 

cc",POINT (28.06061305 -26.058708),"['University of Pretoria', 'North West University']"
35,35,35,922869372414251010,41629,"This is why ANCYL tweet makes sense. 

Black, indigenous SAfrican student struggle the most at school. 

Can‚Äôt blanket treat them https://t.co/7k8P2Bwj7A",2017-10-24 16:56:19+00:00,3,1,2,1,{'place_id': '8b9ec16fdc0d7e55'},"Cape Town, South Africa","ancyl tweet make sense 

black indigenous safrican student struggle school 

can‚Äôt blanket treat",POINT (18.4241 -33.9249),
36,36,36,922855342626701313,6467,"And UFS students would never gather up in unity like this shemmm!
No wonder we've been waiting to shutdown. smh https://t.co/RVT5drRw5k",2017-10-24 16:00:34+00:00,0,0,0,0,{'place_id': '810e12ec4af983de'},"Bloemfontein, South Africa","ufs student would never gather unity like shemmm!
no wonder we've wait shutdown smh",POINT (26.1925 -29.1076),['University of the Free State']
37,37,37,922844759126888449,4042,"The latest on the #UCTshutdown. 

Announcement on march to Parliament to be made at a meeting tonight. 

https://t.co/NopOZdMX1B",2017-10-24 15:18:30+00:00,1,1,0,0,{'place_id': '8b9ec16fdc0d7e55'},"Cape Town, South Africa","late 

announcement march parliament make meeting tonight 

",POINT (18.4612 -33.9577),['University of Cape Town ']
38,38,38,922840915034730496,19444,"UCT SRC, @uct_src is now trending in #CapeTown

https://t.co/n4SI8uEVB2 https://t.co/jMSnRkhQ9H",2017-10-24 15:03:14+00:00,1,0,0,0,{'place_id': '8b9ec16fdc0d7e55'},"Cape Town, South Africa","uct src trend 

",POINT (18.4612 -33.9577),['University of Cape Town ']
39,39,39,922837741674606592,1214,"Follow @VernacNews for updates on UCT Shutdown, on UFS Shutdown and CPUT Shutdown. https://t.co/osZ0jVc474",2017-10-24 14:50:37+00:00,2,0,1,0,{'place_id': '8b9ec16fdc0d7e55'},"Cape Town, South Africa",follow update uct shutdown ufs shutdown cput shutdown,POINT (18.4241 -33.9249),"['University of Cape Town ', 'University of the Free State']"
40,40,40,922805292542423041,49262,Mass meeting of students at UCT. Vid: @okuhle_hlati https://t.co/ElNSONIEaS,2017-10-24 12:41:41+00:00,2,1,1,0,{'place_id': '8b9ec16fdc0d7e55'},"Cape Town, South Africa",mass meeting student uct vid,POINT (18.4612 -33.9577),['University of Cape Town ']
41,41,41,922804757378584576,2135,Hiddingh Campus is Shutdown.,2017-10-24 12:39:33+00:00,1,0,0,5,{'place_id': '8b9ec16fdc0d7e55'},"Cape Town, South Africa",hiddingh campus shutdown,POINT (18.4241 -33.9249),
42,42,42,922802552172875777,6912,This is a lie. They didn‚Äôt fucking burn down the school üòí https://t.co/wRKmoUSN8u,2017-10-24 12:30:47+00:00,1,0,2,1,{'place_id': '8b9ec16fdc0d7e55'},"Cape Town, South Africa",lie didn‚Äôt fuck burn school,POINT (18.4241 -33.9249),
43,43,43,922798922065735680,3979,"JUST IN: UCT protesting students disrupt lectures, the fire alarm has been set off. @TheCapeArgus",2017-10-24 12:16:22+00:00,3,0,0,0,{'place_id': '8b9ec16fdc0d7e55'},"Cape Town, South Africa",uct protest student disrupt lecture fire alarm set,POINT (18.4612 -33.9577),['University of Cape Town ']
44,44,44,922795986027732993,210,"You can‚Äôt have free education now. Our economy, infrastructure and government is not prepared. It‚Äôs a goal we should strive for, and achieve https://t.co/8y1VSp54tF",2017-10-24 12:04:42+00:00,0,0,0,0,{'place_id': 'd73e8f8ebdd03aff'},"Randburg, South Africa",can‚Äôt free education economy infrastructure government prepare it‚Äôs goal strive achieve,POINT (27.95745755 -26.0197197),
45,45,45,922792917609181185,3899,I really hope protestors don't come and disrupt my accounting lecture in Menzies lecture theatre 9 from 14:00 to 14:45,2017-10-24 11:52:30+00:00,1,0,2,2,{'place_id': '8b9ec16fdc0d7e55'},"Cape Town, South Africa",really hope protestors come disrupt accounting lecture menzies lecture theatre,POINT (18.4241 -33.9249),
46,46,46,922792614235131904,210,"No one wants to pay for education. Free education would benefit all. However, not everyone agrees with methods of intimidation used by #FMF",2017-10-24 11:51:18+00:00,0,0,0,0,{'place_id': 'd73e8f8ebdd03aff'},"Randburg, South Africa",one want pay education free education would benefit however everyone agree method intimidation use,POINT (27.95745755 -26.0197197),
47,47,47,922791623980994560,4042,#UCTshutdown ‚ÄúIf the university increases fees it must fall.‚Äù - student leader. @TeamNews24 https://t.co/IEa7Rh2JEn,2017-10-24 11:47:22+00:00,0,1,0,0,{'place_id': '8b9ec16fdc0d7e55'},"Cape Town, South Africa",‚Äúif university increase fee must fall.‚Äù student leader,POINT (18.4612 -33.9577),['University of Cape Town ']
48,48,48,922789798452039680,4042,#UCTshutdown SRC says it will respond ‚Äúdecisively‚Äù to the proposed 8-10%. ‚ÄúWe will be ‚Äòtouring‚Äô campus this afternoon.‚Äù @TeamNews24 https://t.co/zIHE4M5ZmW,2017-10-24 11:40:07+00:00,0,0,1,0,{'place_id': '8b9ec16fdc0d7e55'},"Cape Town, South Africa",src say respond ‚Äúdecisively‚Äù propose ‚Äúwe ‚Äòtouring‚Äô campus afternoon.‚Äù,POINT (18.4612 -33.9577),['University of Cape Town ']
49,49,49,922789295865389056,4042,#UCTshutdown SRC calls for the ‚Äúdemilitarisation‚Äù of UCT. Crowd replies with applause. @TeamNews24,2017-10-24 11:38:07+00:00,1,0,2,0,{'place_id': '8b9ec16fdc0d7e55'},"Cape Town, South Africa",src call ‚Äúdemilitarisation‚Äù uct crowd reply applause,POINT (18.4612 -33.9577),['University of Cape Town ']
50,50,50,922787711370649602,4042,#UCTshutdown the SRC says there is a necessity for ‚Äúactivation‚Äù on UCT‚Äôs campus against the fee increase. @TeamNews24 https://t.co/8AmApAKAhp,2017-10-24 11:31:49+00:00,0,0,0,0,{'place_id': '8b9ec16fdc0d7e55'},"Cape Town, South Africa",src say necessity ‚Äúactivation‚Äù uct‚Äôs campus fee increase,POINT (18.4612 -33.9577),['University of Cape Town ']
51,51,51,922787289943756800,4042,#UCTshutdown The SRC condemns the increase of private security and police on the UCT campus. ‚ÄúThe are provoking us.‚Äù @TeamNews24,2017-10-24 11:30:09+00:00,0,0,0,0,{'place_id': '8b9ec16fdc0d7e55'},"Cape Town, South Africa",src condemns increase private security police uct campus ‚Äúthe provoking us.‚Äù,POINT (18.4612 -33.9577),['University of Cape Town ']
52,52,52,922787034531540999,4042,#UCTshutdown SRC says UCT rector Max Price received a 40% salary increase. @TeamNews24,2017-10-24 11:29:08+00:00,0,0,0,0,{'place_id': '8b9ec16fdc0d7e55'},"Cape Town, South Africa",src say uct rector max price receive salary increase,POINT (18.4612 -33.9577),['University of Cape Town ']
53,53,53,922786487770415104,4042,#uctshutdown ‚Äúthe SRC rejects UCT‚Äôs proposed fee increase wholeheartedly.‚Äù @TeamNews24 https://t.co/lAWeJTqKO3,2017-10-24 11:26:57+00:00,2,0,0,0,{'place_id': '8b9ec16fdc0d7e55'},"Cape Town, South Africa",‚Äúthe src reject uct‚Äôs propose fee increase wholeheartedly.‚Äù,POINT (18.4612 -33.9577),['University of Cape Town ']
54,54,54,922786077617852416,4042,#uctshutdown SRC the burden of fees should not be carried by students. ‚ÄúWe are committed to free education.‚Äù @TeamNews24 https://t.co/N3X2FA9fX2,2017-10-24 11:25:20+00:00,0,0,2,0,{'place_id': '8b9ec16fdc0d7e55'},"Cape Town, South Africa",src burden fee carry student ‚Äúwe committed free education.‚Äù,POINT (18.4241 -33.9249),
55,55,55,922785813250887680,4042,#uctshutdown The SRC says the university said it is operating at a deficit and was forced to increase fees between 8-10%. @TeamNews24 https://t.co/lirJ1Hw8LE,2017-10-24 11:24:17+00:00,1,0,0,0,{'place_id': '8b9ec16fdc0d7e55'},"Cape Town, South Africa",src say university say operating deficit force increase fee,POINT (18.4241 -33.9249),
56,56,56,922784890688589825,4042,JUST IN: The UCT SRC says the institution is planning a feee increase of between 8 to 10%. #uctshutdown @TeamNews24,2017-10-24 11:20:37+00:00,3,0,3,1,{'place_id': '8b9ec16fdc0d7e55'},"Cape Town, South Africa",uct src say institution plan feee increase,POINT (18.4612 -33.9577),['University of Cape Town ']
57,57,57,922782877686927360,724,"Offer free education, in that way strikes will not be necessary!! https://t.co/zRh6KeE9mK",2017-10-24 11:12:37+00:00,0,0,0,0,{'place_id': 'f344308959b070f6'},"Mohlakeng, South Africa",offer free education way strike necessary,POINT (27.699714649999997 -26.23092885),
58,58,58,922779820093734912,13212,@UCT_SRC @VernacNews Mass Meeting at Jameson Hall. 12:59 https://t.co/j7n7oqqPVH,2017-10-24 11:00:28+00:00,1,0,3,0,{'place_id': '8b9ec16fdc0d7e55'},"Cape Town, South Africa",mass meeting jameson hall,POINT (18.4612 -33.9577),['University of Cape Town ']
59,59,59,922770773957398528,5050,UCT is having a mass meeting this afternoon at 13:00 #UCTShutdown #UFSShutdown,2017-10-24 10:24:31+00:00,2,0,5,0,{'place_id': '810e12ec4af983de'},"Bloemfontein, South Africa",uct mass meeting afternoon,POINT (26.213109600000003 -29.10658805),"['University of Cape Town ', 'University of the Free State']"
60,60,60,922680021998817280,14438,"Let‚Äôs be honest though, Wits fighters are not capable of leading a protest!",2017-10-24 04:23:54+00:00,1,1,4,2,{'place_id': '178a87b8e2eaa375'},"Sandton, South Africa",let‚Äôs honest though wits fighter capable lead protest,POINT (28.0305 -26.1929),['University of the Witwatersrand']
